"order_id";"customer_id";"status_id";"store_id";"staff_id";"order_date_key";"required_date_key";"shipped_date_key"
1;259;4;1;2;"2016-01-01";"2016-01-03";"2016-01-03"
2;1212;4;2;6;"2016-01-01";"2016-01-04";"2016-01-03"
3;523;4;2;7;"2016-01-02";"2016-01-05";"2016-01-03"
4;175;4;1;3;"2016-01-03";"2016-01-04";"2016-01-05"
5;1324;4;2;6;"2016-01-03";"2016-01-06";"2016-01-06"
6;94;4;2;6;"2016-01-04";"2016-01-07";"2016-01-05"
7;324;4;2;6;"2016-01-04";"2016-01-07";"2016-01-05"
8;1204;4;2;7;"2016-01-04";"2016-01-05";"2016-01-05"
9;60;4;1;2;"2016-01-05";"2016-01-08";"2016-01-08"
10;442;4;2;6;"2016-01-05";"2016-01-06";"2016-01-06"
11;1326;4;2;7;"2016-01-05";"2016-01-08";"2016-01-07"
12;91;4;1;2;"2016-01-06";"2016-01-08";"2016-01-09"
13;873;4;2;6;"2016-01-08";"2016-01-11";"2016-01-11"
14;258;4;1;3;"2016-01-09";"2016-01-11";"2016-01-12"
15;450;4;2;7;"2016-01-09";"2016-01-10";"2016-01-12"
16;552;4;1;3;"2016-01-12";"2016-01-15";"2016-01-15"
17;1175;4;1;3;"2016-01-12";"2016-01-14";"2016-01-14"
18;541;4;1;3;"2016-01-14";"2016-01-17";"2016-01-15"
19;696;4;1;2;"2016-01-14";"2016-01-17";"2016-01-16"
20;923;4;1;2;"2016-01-14";"2016-01-16";"2016-01-17"
21;1250;4;2;6;"2016-01-15";"2016-01-16";"2016-01-18"
22;1035;4;1;2;"2016-01-16";"2016-01-18";"2016-01-17"
23;1149;4;1;2;"2016-01-16";"2016-01-19";"2016-01-19"
24;636;4;2;7;"2016-01-18";"2016-01-20";"2016-01-19"
25;657;4;2;6;"2016-01-18";"2016-01-21";"2016-01-21"
26;1280;4;2;7;"2016-01-18";"2016-01-21";"2016-01-19"
27;57;4;2;7;"2016-01-19";"2016-01-21";"2016-01-20"
28;252;4;2;6;"2016-01-19";"2016-01-20";"2016-01-21"
29;437;4;2;6;"2016-01-20";"2016-01-22";"2016-01-21"
30;1348;4;2;6;"2016-01-20";"2016-01-21";"2016-01-21"
31;1238;4;3;8;"2016-01-20";"2016-01-22";"2016-01-22"
32;1259;4;1;3;"2016-01-21";"2016-01-24";"2016-01-22"
33;236;4;2;6;"2016-01-21";"2016-01-22";"2016-01-22"
34;80;4;2;6;"2016-01-22";"2016-01-25";"2016-01-23"
35;813;4;2;7;"2016-01-22";"2016-01-25";"2016-01-24"
36;1321;4;2;6;"2016-01-23";"2016-01-24";"2016-01-24"
37;164;4;2;6;"2016-01-25";"2016-01-28";"2016-01-26"
38;583;4;2;7;"2016-01-25";"2016-01-27";"2016-01-26"
39;1296;4;2;7;"2016-01-25";"2016-01-26";"2016-01-26"
40;348;4;1;3;"2016-01-27";"2016-01-28";"2016-01-29"
41;979;4;2;6;"2016-01-27";"2016-01-30";"2016-01-29"
42;1095;4;2;7;"2016-01-27";"2016-01-28";"2016-01-30"
43;1434;4;2;7;"2016-01-27";"2016-01-28";"2016-01-30"
44;861;4;2;7;"2016-01-28";"2016-01-31";"2016-01-30"
45;1220;4;2;7;"2016-01-28";"2016-01-31";"2016-01-31"
46;746;4;2;7;"2016-01-29";"2016-01-31";"2016-01-31"
47;1234;4;2;7;"2016-01-29";"2016-01-30";"2016-01-31"
48;1012;4;2;7;"2016-01-30";"2016-02-01";"2016-02-02"
49;608;4;2;6;"2016-01-31";"2016-02-01";"2016-02-02"
50;872;4;3;8;"2016-01-31";"2016-02-03";"2016-02-02"
51;1047;4;2;7;"2016-02-01";"2016-02-02";"2016-02-03"
52;767;4;1;2;"2016-02-03";"2016-02-04";"2016-02-05"
53;965;4;2;6;"2016-02-03";"2016-02-04";"2016-02-05"
54;535;4;2;7;"2016-02-04";"2016-02-07";"2016-02-07"
55;1173;4;2;6;"2016-02-04";"2016-02-07";"2016-02-06"
56;1241;4;2;6;"2016-02-04";"2016-02-06";"2016-02-07"
57;1305;4;2;7;"2016-02-04";"2016-02-06";"2016-02-06"
58;504;4;2;6;"2016-02-05";"2016-02-07";"2016-02-07"
59;563;4;2;7;"2016-02-05";"2016-02-07";"2016-02-06"
60;151;4;1;3;"2016-02-06";"2016-02-08";"2016-02-07"
61;277;4;2;7;"2016-02-06";"2016-02-09";"2016-02-09"
62;208;4;1;2;"2016-02-07";"2016-02-10";"2016-02-10"
63;1075;4;2;7;"2016-02-07";"2016-02-09";"2016-02-09"
64;1185;4;2;6;"2016-02-07";"2016-02-08";"2016-02-09"
65;996;4;2;6;"2016-02-08";"2016-02-09";"2016-02-11"
66;1253;4;2;7;"2016-02-09";"2016-02-12";"2016-02-12"
67;526;4;3;8;"2016-02-09";"2016-02-11";"2016-02-10"
68;381;4;2;6;"2016-02-10";"2016-02-11";"2016-02-13"
69;1413;4;2;7;"2016-02-10";"2016-02-12";"2016-02-11"
70;50;3;3;9;"2016-02-11";"2016-02-11";""
71;797;4;2;7;"2016-02-11";"2016-02-14";"2016-02-12"
72;1386;4;1;2;"2016-02-12";"2016-02-15";"2016-02-13"
73;612;4;2;7;"2016-02-12";"2016-02-15";"2016-02-14"
74;264;4;2;7;"2016-02-13";"2016-02-15";"2016-02-15"
75;587;4;2;6;"2016-02-14";"2016-02-15";"2016-02-17"
76;9;3;2;6;"2016-02-16";"2016-02-16";""
77;385;4;1;2;"2016-02-16";"2016-02-19";"2016-02-19"
78;1182;4;2;7;"2016-02-16";"2016-02-18";"2016-02-19"
79;529;4;1;3;"2016-02-17";"2016-02-20";"2016-02-20"
80;397;4;2;6;"2016-02-17";"2016-02-20";"2016-02-19"
81;521;4;2;6;"2016-02-17";"2016-02-19";"2016-02-18"
82;1223;4;2;6;"2016-02-18";"2016-02-21";"2016-02-20"
83;393;4;1;3;"2016-02-19";"2016-02-20";"2016-02-20"
84;317;4;2;7;"2016-02-20";"2016-02-22";"2016-02-21"
85;1174;4;2;7;"2016-02-20";"2016-02-23";"2016-02-21"
86;276;4;2;7;"2016-02-21";"2016-02-22";"2016-02-23"
87;516;4;2;6;"2016-02-21";"2016-02-22";"2016-02-23"
88;1069;4;2;6;"2016-02-21";"2016-02-22";"2016-02-23"
89;668;4;3;8;"2016-02-21";"2016-02-24";"2016-02-24"
90;414;4;2;7;"2016-02-23";"2016-02-25";"2016-02-24"
91;648;4;1;2;"2016-02-25";"2016-02-27";"2016-02-28"
92;1309;4;2;7;"2016-02-25";"2016-02-28";"2016-02-28"
93;1328;4;1;3;"2016-02-26";"2016-02-28";"2016-02-27"
94;929;4;1;2;"2016-02-27";"2016-02-28";"2016-02-29"
95;218;4;2;7;"2016-02-27";"2016-02-29";"2016-02-28"
96;1094;4;2;7;"2016-02-27";"2016-02-29";"2016-02-28"
97;204;4;2;7;"2016-02-28";"2016-02-29";"2016-03-01"
98;1194;4;2;6;"2016-02-28";"2016-02-29";"2016-02-29"
99;1165;4;3;9;"2016-02-29";"2016-03-01";"2016-03-03"
100;1237;4;2;7;"2016-03-01";"2016-03-04";"2016-03-03"
101;271;4;3;8;"2016-03-01";"2016-03-04";"2016-03-04"
102;336;4;2;7;"2016-03-02";"2016-03-05";"2016-03-03"
103;991;4;1;2;"2016-03-03";"2016-03-06";"2016-03-05"
104;7;4;2;7;"2016-03-03";"2016-03-05";"2016-03-05"
105;306;4;2;7;"2016-03-03";"2016-03-05";"2016-03-04"
106;422;4;3;9;"2016-03-04";"2016-03-05";"2016-03-05"
107;633;4;1;2;"2016-03-06";"2016-03-09";"2016-03-09"
108;12;4;2;6;"2016-03-06";"2016-03-09";"2016-03-07"
109;1255;4;2;6;"2016-03-06";"2016-03-09";"2016-03-09"
110;677;4;3;9;"2016-03-06";"2016-03-08";"2016-03-09"
111;630;4;2;6;"2016-03-07";"2016-03-10";"2016-03-10"
112;469;4;2;6;"2016-03-08";"2016-03-11";"2016-03-10"
113;1078;4;2;6;"2016-03-08";"2016-03-11";"2016-03-11"
114;1431;4;2;7;"2016-03-08";"2016-03-10";"2016-03-11"
115;1369;4;2;7;"2016-03-09";"2016-03-11";"2016-03-11"
116;471;4;2;7;"2016-03-10";"2016-03-11";"2016-03-11"
117;740;4;2;6;"2016-03-10";"2016-03-13";"2016-03-11"
118;577;4;1;2;"2016-03-12";"2016-03-14";"2016-03-13"
119;925;4;2;7;"2016-03-12";"2016-03-14";"2016-03-14"
120;327;4;2;7;"2016-03-14";"2016-03-15";"2016-03-17"
121;755;4;2;6;"2016-03-14";"2016-03-15";"2016-03-16"
122;786;4;2;6;"2016-03-14";"2016-03-16";"2016-03-15"
123;766;4;2;6;"2016-03-15";"2016-03-18";"2016-03-17"
124;403;4;1;3;"2016-03-16";"2016-03-18";"2016-03-17"
125;685;4;2;6;"2016-03-16";"2016-03-19";"2016-03-17"
126;1365;4;2;7;"2016-03-16";"2016-03-18";"2016-03-18"
127;484;4;3;8;"2016-03-17";"2016-03-18";"2016-03-19"
128;86;4;2;6;"2016-03-18";"2016-03-20";"2016-03-21"
129;84;4;2;7;"2016-03-19";"2016-03-21";"2016-03-21"
130;1049;4;2;6;"2016-03-19";"2016-03-22";"2016-03-20"
131;316;4;3;8;"2016-03-19";"2016-03-22";"2016-03-20"
132;46;4;1;3;"2016-03-20";"2016-03-22";"2016-03-23"
133;409;4;2;7;"2016-03-20";"2016-03-22";"2016-03-21"
134;679;4;2;7;"2016-03-20";"2016-03-21";"2016-03-21"
135;1354;4;2;7;"2016-03-21";"2016-03-23";"2016-03-23"
136;1192;4;3;8;"2016-03-21";"2016-03-24";"2016-03-23"
137;370;4;2;7;"2016-03-23";"2016-03-26";"2016-03-25"
138;438;4;2;7;"2016-03-23";"2016-03-24";"2016-03-25"
139;710;4;2;7;"2016-03-23";"2016-03-24";"2016-03-26"
140;1264;4;2;7;"2016-03-23";"2016-03-26";"2016-03-26"
141;557;4;2;7;"2016-03-25";"2016-03-27";"2016-03-26"
142;170;4;1;3;"2016-03-26";"2016-03-27";"2016-03-27"
143;693;4;2;7;"2016-03-26";"2016-03-28";"2016-03-28"
144;1124;4;2;7;"2016-03-26";"2016-03-29";"2016-03-29"
145;366;4;2;6;"2016-03-27";"2016-03-29";"2016-03-30"
146;288;4;1;3;"2016-03-28";"2016-03-30";"2016-03-30"
147;55;4;2;7;"2016-03-28";"2016-03-31";"2016-03-31"
148;714;4;2;6;"2016-03-28";"2016-03-30";"2016-03-30"
149;763;4;2;6;"2016-03-28";"2016-03-30";"2016-03-29"
150;332;4;1;2;"2016-03-29";"2016-03-31";"2016-04-01"
151;926;4;1;2;"2016-03-29";"2016-04-01";"2016-03-31"
152;76;4;2;6;"2016-03-29";"2016-03-30";"2016-03-30"
153;498;4;2;6;"2016-03-30";"2016-04-02";"2016-04-01"
154;1286;4;1;2;"2016-03-31";"2016-04-01";"2016-04-01"
155;371;4;2;6;"2016-04-02";"2016-04-03";"2016-04-04"
156;357;4;1;3;"2016-04-03";"2016-04-06";"2016-04-05"
157;43;4;3;8;"2016-04-03";"2016-04-06";"2016-04-06"
158;117;3;3;9;"2016-04-04";"2016-04-04";""
159;32;4;1;2;"2016-04-04";"2016-04-06";"2016-04-06"
160;205;4;2;7;"2016-04-04";"2016-04-06";"2016-04-06"
161;251;4;2;7;"2016-04-04";"2016-04-07";"2016-04-05"
162;31;4;1;3;"2016-04-06";"2016-04-08";"2016-04-07"
163;1325;4;2;7;"2016-04-06";"2016-04-07";"2016-04-07"
164;610;4;2;7;"2016-04-07";"2016-04-08";"2016-04-09"
165;574;4;1;3;"2016-04-08";"2016-04-10";"2016-04-10"
166;338;4;2;6;"2016-04-08";"2016-04-11";"2016-04-11"
167;1034;4;2;7;"2016-04-08";"2016-04-09";"2016-04-11"
168;1147;4;1;3;"2016-04-09";"2016-04-12";"2016-04-11"
169;99;4;2;7;"2016-04-10";"2016-04-11";"2016-04-11"
170;1200;4;2;7;"2016-04-10";"2016-04-11";"2016-04-13"
171;237;4;1;3;"2016-04-11";"2016-04-14";"2016-04-14"
172;1079;4;2;7;"2016-04-11";"2016-04-12";"2016-04-14"
173;117;4;3;8;"2016-04-11";"2016-04-14";"2016-04-13"
174;1361;4;2;7;"2016-04-12";"2016-04-13";"2016-04-15"
175;951;4;2;6;"2016-04-13";"2016-04-14";"2016-04-14"
176;643;4;2;7;"2016-04-15";"2016-04-16";"2016-04-17"
177;121;4;1;2;"2016-04-16";"2016-04-19";"2016-04-19"
178;756;4;2;6;"2016-04-16";"2016-04-17";"2016-04-18"
179;616;4;2;6;"2016-04-17";"2016-04-19";"2016-04-19"
180;918;4;2;7;"2016-04-17";"2016-04-20";"2016-04-19"
181;459;4;1;3;"2016-04-18";"2016-04-20";"2016-04-20"
182;854;4;2;6;"2016-04-18";"2016-04-19";"2016-04-20"
183;22;4;2;7;"2016-04-19";"2016-04-20";"2016-04-20"
184;134;4;2;7;"2016-04-19";"2016-04-21";"2016-04-22"
185;24;3;1;2;"2016-04-20";"2016-04-20";""
186;1127;4;2;6;"2016-04-21";"2016-04-22";"2016-04-24"
187;183;4;2;6;"2016-04-22";"2016-04-23";"2016-04-24"
188;390;4;2;6;"2016-04-22";"2016-04-23";"2016-04-25"
189;1288;4;1;2;"2016-04-23";"2016-04-24";"2016-04-26"
190;98;4;2;6;"2016-04-23";"2016-04-25";"2016-04-25"
191;919;4;1;2;"2016-04-27";"2016-04-28";"2016-04-28"
192;728;4;2;7;"2016-04-27";"2016-04-28";"2016-04-29"
193;1366;4;1;3;"2016-04-28";"2016-04-30";"2016-04-30"
194;558;4;2;7;"2016-04-28";"2016-04-30";"2016-05-01"
195;727;4;2;7;"2016-04-28";"2016-05-01";"2016-05-01"
196;1247;4;2;6;"2016-04-28";"2016-04-30";"2016-05-01"
197;127;4;2;7;"2016-04-30";"2016-05-03";"2016-05-03"
198;640;4;2;6;"2016-05-01";"2016-05-04";"2016-05-03"
199;760;4;2;7;"2016-05-01";"2016-05-04";"2016-05-04"
200;1074;4;2;6;"2016-05-01";"2016-05-03";"2016-05-03"
201;280;4;3;9;"2016-05-01";"2016-05-04";"2016-05-02"
202;600;4;1;2;"2016-05-03";"2016-05-05";"2016-05-04"
203;1102;4;3;9;"2016-05-03";"2016-05-05";"2016-05-06"
204;591;4;2;7;"2016-05-04";"2016-05-07";"2016-05-06"
205;635;4;2;6;"2016-05-04";"2016-05-05";"2016-05-06"
206;743;4;3;9;"2016-05-04";"2016-05-06";"2016-05-05"
207;105;4;2;7;"2016-05-05";"2016-05-07";"2016-05-07"
208;815;4;2;7;"2016-05-06";"2016-05-07";"2016-05-09"
209;514;4;2;6;"2016-05-07";"2016-05-08";"2016-05-08"
210;943;4;2;6;"2016-05-07";"2016-05-08";"2016-05-09"
211;1140;4;2;6;"2016-05-07";"2016-05-09";"2016-05-08"
212;1373;4;2;6;"2016-05-08";"2016-05-09";"2016-05-11"
213;788;4;3;8;"2016-05-08";"2016-05-09";"2016-05-09"
214;363;4;2;6;"2016-05-10";"2016-05-12";"2016-05-11"
215;1420;4;2;7;"2016-05-10";"2016-05-13";"2016-05-12"
216;267;4;1;3;"2016-05-11";"2016-05-14";"2016-05-13"
217;716;4;2;7;"2016-05-11";"2016-05-12";"2016-05-14"
218;1179;4;2;7;"2016-05-12";"2016-05-14";"2016-05-14"
219;1338;4;2;6;"2016-05-12";"2016-05-15";"2016-05-15"
220;1358;4;2;6;"2016-05-12";"2016-05-14";"2016-05-15"
221;1218;4;1;2;"2016-05-13";"2016-05-16";"2016-05-14"
222;51;4;2;6;"2016-05-13";"2016-05-16";"2016-05-14"
223;1368;4;2;7;"2016-05-15";"2016-05-16";"2016-05-17"
224;157;4;1;3;"2016-05-17";"2016-05-18";"2016-05-19"
225;307;4;1;3;"2016-05-17";"2016-05-20";"2016-05-19"
226;501;4;1;2;"2016-05-17";"2016-05-19";"2016-05-20"
227;489;4;2;7;"2016-05-17";"2016-05-18";"2016-05-20"
228;615;4;2;7;"2016-05-17";"2016-05-20";"2016-05-20"
229;742;4;2;6;"2016-05-19";"2016-05-21";"2016-05-20"
230;1167;4;2;6;"2016-05-19";"2016-05-20";"2016-05-21"
231;1257;4;2;6;"2016-05-19";"2016-05-22";"2016-05-21"
232;1360;4;1;3;"2016-05-20";"2016-05-23";"2016-05-23"
233;737;4;2;6;"2016-05-21";"2016-05-22";"2016-05-24"
234;1435;4;2;6;"2016-05-22";"2016-05-24";"2016-05-24"
235;649;4;2;6;"2016-05-24";"2016-05-25";"2016-05-25"
236;206;4;2;6;"2016-05-25";"2016-05-27";"2016-05-26"
237;1351;4;2;7;"2016-05-25";"2016-05-26";"2016-05-27"
238;1350;4;2;6;"2016-05-26";"2016-05-29";"2016-05-29"
239;13;3;3;9;"2016-05-27";"2016-05-27";""
240;65;4;2;6;"2016-05-27";"2016-05-29";"2016-05-30"
241;1082;4;2;7;"2016-05-27";"2016-05-29";"2016-05-29"
242;1168;4;2;7;"2016-05-27";"2016-05-30";"2016-05-30"
243;802;4;3;8;"2016-05-27";"2016-05-30";"2016-05-28"
244;956;4;2;6;"2016-05-28";"2016-05-29";"2016-05-29"
245;223;4;2;7;"2016-05-29";"2016-05-31";"2016-05-30"
246;17;3;2;6;"2016-05-30";"2016-05-30";""
247;928;4;1;3;"2016-05-30";"2016-06-01";"2016-06-01"
248;1376;4;2;7;"2016-05-30";"2016-06-01";"2016-05-31"
249;145;4;2;6;"2016-06-01";"2016-06-04";"2016-06-04"
250;150;4;2;7;"2016-06-01";"2016-06-02";"2016-06-04"
251;851;4;2;7;"2016-06-01";"2016-06-04";"2016-06-04"
252;66;4;3;8;"2016-06-01";"2016-06-04";"2016-06-02"
253;1267;4;2;6;"2016-06-02";"2016-06-05";"2016-06-05"
254;510;4;2;7;"2016-06-03";"2016-06-06";"2016-06-05"
255;801;4;2;7;"2016-06-03";"2016-06-06";"2016-06-05"
256;26;4;2;7;"2016-06-04";"2016-06-05";"2016-06-07"
257;1314;4;1;3;"2016-06-05";"2016-06-06";"2016-06-08"
258;107;4;2;7;"2016-06-06";"2016-06-07";"2016-06-07"
259;413;4;2;7;"2016-06-06";"2016-06-09";"2016-06-09"
260;632;4;2;6;"2016-06-06";"2016-06-08";"2016-06-08"
261;1045;4;1;2;"2016-06-08";"2016-06-10";"2016-06-09"
262;579;4;3;9;"2016-06-08";"2016-06-11";"2016-06-10"
263;1322;4;2;6;"2016-06-09";"2016-06-10";"2016-06-12"
264;5;3;1;3;"2016-06-10";"2016-06-10";""
265;682;4;2;7;"2016-06-10";"2016-06-12";"2016-06-11"
266;933;4;2;7;"2016-06-10";"2016-06-13";"2016-06-13"
267;282;4;1;3;"2016-06-11";"2016-06-14";"2016-06-14"
268;540;4;1;3;"2016-06-11";"2016-06-14";"2016-06-12"
269;764;4;2;6;"2016-06-12";"2016-06-13";"2016-06-15"
270;879;4;2;7;"2016-06-12";"2016-06-15";"2016-06-13"
271;350;4;2;7;"2016-06-13";"2016-06-16";"2016-06-14"
272;497;4;2;7;"2016-06-15";"2016-06-18";"2016-06-16"
273;1340;4;2;7;"2016-06-16";"2016-06-19";"2016-06-17"
274;411;4;2;7;"2016-06-17";"2016-06-20";"2016-06-18"
275;1341;4;2;7;"2016-06-17";"2016-06-19";"2016-06-18"
276;1227;4;2;6;"2016-06-18";"2016-06-19";"2016-06-19"
277;546;4;2;7;"2016-06-19";"2016-06-20";"2016-06-20"
278;1301;4;1;3;"2016-06-20";"2016-06-23";"2016-06-21"
279;378;4;2;6;"2016-06-21";"2016-06-22";"2016-06-22"
280;638;4;2;7;"2016-06-21";"2016-06-22";"2016-06-23"
281;800;4;2;7;"2016-06-21";"2016-06-22";"2016-06-23"
282;159;4;3;9;"2016-06-22";"2016-06-25";"2016-06-25"
283;181;4;1;2;"2016-06-23";"2016-06-26";"2016-06-26"
284;1356;4;2;7;"2016-06-23";"2016-06-25";"2016-06-25"
285;319;4;1;2;"2016-06-25";"2016-06-26";"2016-06-27"
286;59;4;2;6;"2016-06-25";"2016-06-26";"2016-06-26"
287;133;4;2;6;"2016-06-25";"2016-06-26";"2016-06-27"
288;780;4;2;6;"2016-06-25";"2016-06-28";"2016-06-28"
289;849;4;2;6;"2016-06-27";"2016-06-28";"2016-06-30"
290;202;4;2;6;"2016-06-28";"2016-06-29";"2016-06-30"
291;158;4;2;6;"2016-06-29";"2016-06-30";"2016-07-01"
292;360;4;3;9;"2016-06-29";"2016-06-30";"2016-07-02"
293;573;4;2;7;"2016-06-30";"2016-07-03";"2016-07-02"
294;732;4;2;7;"2016-07-01";"2016-07-02";"2016-07-02"
295;1130;4;2;7;"2016-07-01";"2016-07-04";"2016-07-04"
296;1245;4;2;6;"2016-07-04";"2016-07-07";"2016-07-06"
297;1425;4;2;7;"2016-07-04";"2016-07-05";"2016-07-06"
298;885;4;3;9;"2016-07-04";"2016-07-07";"2016-07-07"
299;281;4;2;6;"2016-07-05";"2016-07-06";"2016-07-07"
300;1205;4;2;6;"2016-07-05";"2016-07-08";"2016-07-08"
301;17;4;2;6;"2016-07-06";"2016-07-09";"2016-07-08"
302;1375;4;2;6;"2016-07-06";"2016-07-07";"2016-07-09"
303;36;4;2;7;"2016-07-07";"2016-07-08";"2016-07-09"
304;230;4;2;6;"2016-07-07";"2016-07-08";"2016-07-08"
305;705;4;2;7;"2016-07-07";"2016-07-08";"2016-07-08"
306;424;4;2;7;"2016-07-09";"2016-07-10";"2016-07-12"
307;695;4;2;6;"2016-07-09";"2016-07-11";"2016-07-11"
308;156;4;2;6;"2016-07-11";"2016-07-12";"2016-07-14"
309;211;4;2;6;"2016-07-11";"2016-07-13";"2016-07-13"
310;627;4;1;2;"2016-07-12";"2016-07-13";"2016-07-13"
311;1400;4;2;6;"2016-07-12";"2016-07-14";"2016-07-13"
312;299;4;2;6;"2016-07-13";"2016-07-15";"2016-07-16"
313;565;4;3;9;"2016-07-14";"2016-07-15";"2016-07-15"
314;1019;4;2;7;"2016-07-15";"2016-07-17";"2016-07-17"
315;1263;4;2;6;"2016-07-16";"2016-07-19";"2016-07-17"
316;670;4;2;7;"2016-07-17";"2016-07-20";"2016-07-19"
317;795;4;2;7;"2016-07-17";"2016-07-20";"2016-07-19"
318;1141;4;2;7;"2016-07-17";"2016-07-19";"2016-07-20"
319;941;4;2;6;"2016-07-18";"2016-07-21";"2016-07-21"
320;1428;4;1;2;"2016-07-19";"2016-07-20";"2016-07-21"
321;568;4;2;6;"2016-07-19";"2016-07-22";"2016-07-21"
322;924;4;2;6;"2016-07-19";"2016-07-22";"2016-07-20"
323;1243;4;2;6;"2016-07-19";"2016-07-22";"2016-07-21"
324;480;4;2;6;"2016-07-20";"2016-07-22";"2016-07-23"
325;848;4;2;6;"2016-07-20";"2016-07-21";"2016-07-21"
326;1337;4;3;9;"2016-07-20";"2016-07-21";"2016-07-22"
327;83;4;2;6;"2016-07-21";"2016-07-24";"2016-07-22"
328;528;4;2;6;"2016-07-23";"2016-07-26";"2016-07-25"
329;274;4;2;6;"2016-07-24";"2016-07-27";"2016-07-26"
330;622;4;2;6;"2016-07-24";"2016-07-27";"2016-07-27"
331;642;4;2;6;"2016-07-24";"2016-07-26";"2016-07-25"
332;659;4;2;7;"2016-07-24";"2016-07-26";"2016-07-26"
333;779;4;2;6;"2016-07-25";"2016-07-27";"2016-07-26"
334;1112;4;2;7;"2016-07-25";"2016-07-28";"2016-07-27"
335;1193;4;2;6;"2016-07-25";"2016-07-27";"2016-07-26"
336;1030;4;2;7;"2016-07-26";"2016-07-29";"2016-07-27"
337;1252;4;2;7;"2016-07-26";"2016-07-27";"2016-07-28"
338;1333;4;1;3;"2016-07-28";"2016-07-29";"2016-07-30"
339;1110;4;2;7;"2016-07-28";"2016-07-31";"2016-07-29"
340;963;4;2;7;"2016-07-29";"2016-07-30";"2016-07-31"
341;1357;4;1;3;"2016-07-31";"2016-08-03";"2016-08-01"
342;806;4;2;7;"2016-07-31";"2016-08-01";"2016-08-03"
343;961;4;2;7;"2016-07-31";"2016-08-02";"2016-08-01"
344;750;4;2;6;"2016-08-01";"2016-08-03";"2016-08-02"
345;1299;4;2;6;"2016-08-01";"2016-08-04";"2016-08-03"
346;584;4;3;9;"2016-08-01";"2016-08-03";"2016-08-02"
347;1004;4;2;6;"2016-08-02";"2016-08-03";"2016-08-05"
348;907;4;3;9;"2016-08-02";"2016-08-05";"2016-08-04"
349;30;3;1;3;"2016-08-03";"2016-08-03";""
350;31;3;1;3;"2016-08-03";"2016-08-03";""
351;1307;4;1;2;"2016-08-03";"2016-08-06";"2016-08-04"
352;16;4;2;7;"2016-08-03";"2016-08-04";"2016-08-06"
353;1387;4;2;7;"2016-08-03";"2016-08-06";"2016-08-06"
354;551;4;3;8;"2016-08-03";"2016-08-05";"2016-08-06"
355;1011;4;3;8;"2016-08-03";"2016-08-05";"2016-08-05"
356;1189;4;2;6;"2016-08-04";"2016-08-07";"2016-08-06"
357;14;3;3;8;"2016-08-05";"2016-08-05";""
358;1042;4;2;7;"2016-08-05";"2016-08-07";"2016-08-07"
359;441;4;2;7;"2016-08-07";"2016-08-10";"2016-08-10"
360;1300;4;2;6;"2016-08-07";"2016-08-09";"2016-08-10"
361;994;4;2;6;"2016-08-08";"2016-08-09";"2016-08-11"
362;187;4;1;2;"2016-08-09";"2016-08-11";"2016-08-11"
363;834;4;3;8;"2016-08-11";"2016-08-12";"2016-08-13"
364;373;4;2;6;"2016-08-12";"2016-08-14";"2016-08-13"
365;981;4;2;6;"2016-08-13";"2016-08-14";"2016-08-15"
366;1054;4;3;9;"2016-08-13";"2016-08-14";"2016-08-14"
367;527;4;2;7;"2016-08-14";"2016-08-15";"2016-08-15"
368;995;4;2;7;"2016-08-14";"2016-08-15";"2016-08-17"
369;1285;4;1;3;"2016-08-15";"2016-08-18";"2016-08-18"
370;758;4;2;7;"2016-08-15";"2016-08-18";"2016-08-18"
371;891;4;2;7;"2016-08-15";"2016-08-16";"2016-08-18"
372;132;4;2;6;"2016-08-16";"2016-08-18";"2016-08-18"
373;337;4;2;7;"2016-08-16";"2016-08-19";"2016-08-17"
374;1313;4;1;2;"2016-08-17";"2016-08-19";"2016-08-18"
375;536;4;2;7;"2016-08-17";"2016-08-20";"2016-08-20"
376;825;4;2;6;"2016-08-17";"2016-08-19";"2016-08-18"
377;1355;4;2;6;"2016-08-17";"2016-08-19";"2016-08-20"
378;475;4;3;9;"2016-08-17";"2016-08-20";"2016-08-20"
379;954;4;2;7;"2016-08-18";"2016-08-21";"2016-08-21"
380;1156;4;2;7;"2016-08-19";"2016-08-20";"2016-08-21"
381;1297;4;2;7;"2016-08-19";"2016-08-21";"2016-08-21"
382;199;4;2;6;"2016-08-20";"2016-08-23";"2016-08-23"
383;331;4;2;7;"2016-08-20";"2016-08-23";"2016-08-22"
384;410;4;2;7;"2016-08-20";"2016-08-22";"2016-08-23"
385;1274;4;2;7;"2016-08-20";"2016-08-23";"2016-08-22"
386;1362;4;2;6;"2016-08-20";"2016-08-23";"2016-08-23"
387;451;4;3;8;"2016-08-20";"2016-08-21";"2016-08-21"
388;1080;4;3;8;"2016-08-21";"2016-08-24";"2016-08-23"
389;53;4;1;3;"2016-08-22";"2016-08-24";"2016-08-25"
390;576;4;3;9;"2016-08-22";"2016-08-24";"2016-08-25"
391;61;3;3;9;"2016-08-23";"2016-08-23";""
392;176;4;1;3;"2016-08-23";"2016-08-26";"2016-08-24"
393;368;4;2;6;"2016-08-25";"2016-08-26";"2016-08-27"
394;522;4;1;3;"2016-08-26";"2016-08-28";"2016-08-29"
395;144;4;2;6;"2016-08-26";"2016-08-27";"2016-08-29"
396;542;4;2;6;"2016-08-27";"2016-08-30";"2016-08-29"
397;1437;4;2;7;"2016-08-28";"2016-08-31";"2016-08-29"
398;447;4;1;2;"2016-08-29";"2016-08-30";"2016-09-01"
399;1001;4;2;7;"2016-08-29";"2016-09-01";"2016-09-01"
400;1295;4;2;6;"2016-08-29";"2016-08-30";"2016-08-31"
401;103;4;2;6;"2016-08-30";"2016-09-02";"2016-09-01"
402;1335;4;2;6;"2016-08-30";"2016-09-01";"2016-08-31"
403;578;4;1;3;"2016-08-31";"2016-09-01";"2016-09-02"
404;396;4;2;7;"2016-08-31";"2016-09-03";"2016-09-01"
405;603;4;2;6;"2016-08-31";"2016-09-01";"2016-09-01"
406;1380;4;2;7;"2016-08-31";"2016-09-02";"2016-09-01"
407;77;3;3;8;"2016-09-01";"2016-09-01";""
408;1071;4;1;2;"2016-09-01";"2016-09-02";"2016-09-02"
409;416;4;2;7;"2016-09-01";"2016-09-04";"2016-09-04"
410;1151;4;2;6;"2016-09-01";"2016-09-03";"2016-09-02"
411;261;4;1;3;"2016-09-02";"2016-09-04";"2016-09-04"
412;1202;4;1;3;"2016-09-02";"2016-09-04";"2016-09-04"
413;717;4;2;6;"2016-09-02";"2016-09-05";"2016-09-03"
414;917;4;2;7;"2016-09-03";"2016-09-06";"2016-09-06"
415;1265;4;2;7;"2016-09-03";"2016-09-06";"2016-09-06"
416;1377;4;2;7;"2016-09-03";"2016-09-04";"2016-09-06"
417;359;4;1;3;"2016-09-04";"2016-09-05";"2016-09-06"
418;88;4;2;6;"2016-09-04";"2016-09-05";"2016-09-05"
419;14;4;3;8;"2016-09-04";"2016-09-07";"2016-09-06"
420;72;4;1;3;"2016-09-05";"2016-09-06";"2016-09-07"
421;240;4;1;3;"2016-09-05";"2016-09-06";"2016-09-08"
422;398;4;2;6;"2016-09-06";"2016-09-07";"2016-09-09"
423;1397;4;2;7;"2016-09-06";"2016-09-09";"2016-09-09"
424;67;4;1;3;"2016-09-08";"2016-09-11";"2016-09-11"
425;843;4;2;6;"2016-09-08";"2016-09-11";"2016-09-11"
426;944;4;2;6;"2016-09-08";"2016-09-10";"2016-09-10"
427;434;4;1;2;"2016-09-09";"2016-09-10";"2016-09-11"
428;1039;4;2;6;"2016-09-09";"2016-09-12";"2016-09-10"
429;153;4;3;8;"2016-09-10";"2016-09-12";"2016-09-12"
430;272;4;2;6;"2016-09-11";"2016-09-13";"2016-09-12"
431;1217;4;2;6;"2016-09-11";"2016-09-12";"2016-09-12"
432;169;4;1;2;"2016-09-12";"2016-09-15";"2016-09-14"
433;1062;4;2;6;"2016-09-12";"2016-09-15";"2016-09-13"
434;726;4;2;6;"2016-09-13";"2016-09-15";"2016-09-14"
435;77;4;3;9;"2016-09-14";"2016-09-15";"2016-09-16"
436;791;4;2;7;"2016-09-16";"2016-09-19";"2016-09-19"
437;1085;4;2;7;"2016-09-16";"2016-09-18";"2016-09-18"
438;314;4;3;8;"2016-09-16";"2016-09-19";"2016-09-18"
439;149;4;2;6;"2016-09-17";"2016-09-20";"2016-09-18"
440;882;4;2;7;"2016-09-17";"2016-09-18";"2016-09-19"
441;704;4;1;2;"2016-09-18";"2016-09-19";"2016-09-19"
442;667;4;2;7;"2016-09-18";"2016-09-21";"2016-09-21"
443;1371;4;2;6;"2016-09-18";"2016-09-19";"2016-09-20"
444;30;4;1;2;"2016-09-19";"2016-09-20";"2016-09-21"
445;362;4;2;6;"2016-09-19";"2016-09-22";"2016-09-22"
446;399;4;2;7;"2016-09-19";"2016-09-21";"2016-09-20"
447;808;4;3;8;"2016-09-20";"2016-09-23";"2016-09-22"
448;101;4;2;6;"2016-09-21";"2016-09-22";"2016-09-24"
449;492;4;2;7;"2016-09-21";"2016-09-24";"2016-09-22"
450;575;4;2;7;"2016-09-21";"2016-09-24";"2016-09-23"
451;1146;4;2;7;"2016-09-21";"2016-09-23";"2016-09-22"
452;997;4;2;7;"2016-09-22";"2016-09-23";"2016-09-24"
453;1028;4;2;7;"2016-09-22";"2016-09-24";"2016-09-25"
454;988;4;2;6;"2016-09-23";"2016-09-25";"2016-09-26"
455;1055;4;2;7;"2016-09-23";"2016-09-24";"2016-09-24"
456;1061;4;3;9;"2016-09-23";"2016-09-26";"2016-09-25"
457;1349;4;1;3;"2016-09-24";"2016-09-27";"2016-09-27"
458;197;4;2;6;"2016-09-25";"2016-09-28";"2016-09-26"
459;874;4;2;6;"2016-09-25";"2016-09-28";"2016-09-26"
460;691;4;3;8;"2016-09-25";"2016-09-27";"2016-09-26"
461;853;4;2;7;"2016-09-26";"2016-09-27";"2016-09-27"
462;852;4;2;6;"2016-09-27";"2016-09-28";"2016-09-29"
463;964;4;3;8;"2016-09-27";"2016-09-28";"2016-09-28"
464;74;4;2;7;"2016-09-28";"2016-09-30";"2016-09-29"
465;1198;4;2;6;"2016-09-28";"2016-10-01";"2016-10-01"
466;1440;4;2;7;"2016-09-28";"2016-09-29";"2016-10-01"
467;555;4;3;8;"2016-09-28";"2016-09-30";"2016-09-30"
468;1261;4;1;3;"2016-09-29";"2016-10-02";"2016-09-30"
469;1089;4;2;7;"2016-09-29";"2016-10-02";"2016-10-02"
470;641;4;1;3;"2016-09-30";"2016-10-02";"2016-10-02"
471;697;4;1;3;"2016-09-30";"2016-10-02";"2016-10-01"
472;468;4;2;7;"2016-09-30";"2016-10-01";"2016-10-01"
473;549;4;2;7;"2016-09-30";"2016-10-02";"2016-10-03"
474;553;4;1;3;"2016-10-01";"2016-10-04";"2016-10-04"
475;241;4;2;7;"2016-10-01";"2016-10-04";"2016-10-03"
476;559;4;2;6;"2016-10-01";"2016-10-04";"2016-10-02"
477;449;4;1;2;"2016-10-02";"2016-10-05";"2016-10-04"
478;304;4;2;7;"2016-10-02";"2016-10-05";"2016-10-03"
479;984;4;2;6;"2016-10-03";"2016-10-04";"2016-10-04"
480;686;4;1;3;"2016-10-04";"2016-10-07";"2016-10-05"
481;481;4;3;9;"2016-10-04";"2016-10-07";"2016-10-06"
482;513;4;2;6;"2016-10-05";"2016-10-06";"2016-10-06"
483;703;4;1;2;"2016-10-06";"2016-10-07";"2016-10-09"
484;421;4;2;7;"2016-10-06";"2016-10-09";"2016-10-07"
485;465;4;2;7;"2016-10-06";"2016-10-08";"2016-10-07"
486;709;4;2;7;"2016-10-06";"2016-10-08";"2016-10-09"
487;827;4;2;6;"2016-10-06";"2016-10-09";"2016-10-09"
488;921;4;2;6;"2016-10-06";"2016-10-09";"2016-10-08"
489;899;4;3;8;"2016-10-06";"2016-10-08";"2016-10-08"
490;876;4;2;6;"2016-10-07";"2016-10-10";"2016-10-09"
491;1048;4;1;2;"2016-10-08";"2016-10-10";"2016-10-11"
492;191;4;1;2;"2016-10-09";"2016-10-10";"2016-10-12"
493;796;4;1;3;"2016-10-09";"2016-10-12";"2016-10-11"
494;875;4;2;6;"2016-10-09";"2016-10-10";"2016-10-11"
495;712;4;1;3;"2016-10-10";"2016-10-12";"2016-10-13"
496;193;4;2;6;"2016-10-10";"2016-10-12";"2016-10-11"
497;785;4;2;6;"2016-10-10";"2016-10-11";"2016-10-11"
498;1331;4;2;6;"2016-10-10";"2016-10-12";"2016-10-11"
499;260;4;1;2;"2016-10-11";"2016-10-14";"2016-10-13"
500;148;4;2;6;"2016-10-11";"2016-10-12";"2016-10-13"
501;977;4;2;7;"2016-10-11";"2016-10-12";"2016-10-13"
502;401;4;3;9;"2016-10-12";"2016-10-13";"2016-10-13"
503;932;4;2;6;"2016-10-13";"2016-10-16";"2016-10-14"
504;1381;4;1;2;"2016-10-14";"2016-10-15";"2016-10-15"
505;721;4;2;6;"2016-10-14";"2016-10-16";"2016-10-17"
506;831;4;2;6;"2016-10-14";"2016-10-16";"2016-10-16"
507;1378;4;1;3;"2016-10-15";"2016-10-17";"2016-10-17"
508;1359;4;2;6;"2016-10-15";"2016-10-18";"2016-10-18"
509;235;4;2;7;"2016-10-16";"2016-10-17";"2016-10-17"
510;586;4;2;7;"2016-10-17";"2016-10-18";"2016-10-18"
511;377;4;2;7;"2016-10-18";"2016-10-20";"2016-10-19"
512;8;4;2;7;"2016-10-19";"2016-10-22";"2016-10-20"
513;155;4;2;6;"2016-10-19";"2016-10-21";"2016-10-21"
514;927;4;2;7;"2016-10-19";"2016-10-21";"2016-10-20"
515;986;4;2;6;"2016-10-19";"2016-10-20";"2016-10-22"
516;111;4;2;6;"2016-10-21";"2016-10-23";"2016-10-24"
517;613;4;2;6;"2016-10-21";"2016-10-22";"2016-10-24"
518;1374;4;1;2;"2016-10-22";"2016-10-24";"2016-10-25"
519;54;4;2;7;"2016-10-22";"2016-10-23";"2016-10-24"
520;639;4;2;7;"2016-10-23";"2016-10-26";"2016-10-24"
521;664;4;2;6;"2016-10-23";"2016-10-25";"2016-10-25"
522;724;4;2;7;"2016-10-23";"2016-10-24";"2016-10-24"
523;1056;4;2;6;"2016-10-24";"2016-10-26";"2016-10-27"
524;569;4;1;2;"2016-10-25";"2016-10-26";"2016-10-27"
525;1315;4;1;3;"2016-10-26";"2016-10-28";"2016-10-29"
526;1096;4;2;6;"2016-10-26";"2016-10-28";"2016-10-28"
527;506;4;1;2;"2016-10-27";"2016-10-29";"2016-10-28"
528;676;4;2;7;"2016-10-28";"2016-10-31";"2016-10-31"
529;753;4;2;7;"2016-10-28";"2016-10-30";"2016-10-31"
530;773;4;2;6;"2016-10-28";"2016-10-31";"2016-10-31"
531;116;4;3;8;"2016-10-28";"2016-10-29";"2016-10-30"
532;817;4;2;7;"2016-10-29";"2016-10-31";"2016-10-30"
533;1334;4;2;6;"2016-10-29";"2016-11-01";"2016-11-01"
534;1406;4;2;7;"2016-10-29";"2016-10-30";"2016-10-31"
535;835;4;3;9;"2016-10-29";"2016-10-31";"2016-11-01"
536;759;4;1;3;"2016-10-31";"2016-11-02";"2016-11-01"
537;1353;4;1;2;"2016-10-31";"2016-11-01";"2016-11-03"
538;341;4;2;6;"2016-11-02";"2016-11-05";"2016-11-05"
539;1144;4;2;7;"2016-11-02";"2016-11-04";"2016-11-03"
540;1429;4;1;3;"2016-11-03";"2016-11-05";"2016-11-06"
541;1228;4;1;3;"2016-11-04";"2016-11-07";"2016-11-07"
542;313;4;2;7;"2016-11-04";"2016-11-06";"2016-11-05"
543;62;4;2;6;"2016-11-06";"2016-11-09";"2016-11-08"
544;321;4;2;7;"2016-11-06";"2016-11-07";"2016-11-08"
545;1108;4;3;9;"2016-11-08";"2016-11-10";"2016-11-09"
546;470;4;2;7;"2016-11-09";"2016-11-12";"2016-11-10"
547;20;4;3;8;"2016-11-09";"2016-11-11";"2016-11-10"
548;739;4;2;7;"2016-11-11";"2016-11-13";"2016-11-13"
549;64;3;3;9;"2016-11-12";"2016-11-12";""
550;892;4;2;7;"2016-11-12";"2016-11-14";"2016-11-15"
551;1169;4;2;6;"2016-11-12";"2016-11-13";"2016-11-13"
552;1282;4;2;7;"2016-11-12";"2016-11-15";"2016-11-13"
553;913;4;3;9;"2016-11-12";"2016-11-13";"2016-11-15"
554;104;4;1;3;"2016-11-13";"2016-11-14";"2016-11-16"
555;212;4;2;7;"2016-11-13";"2016-11-14";"2016-11-16"
556;61;4;3;9;"2016-11-13";"2016-11-14";"2016-11-15"
557;1248;4;2;6;"2016-11-14";"2016-11-17";"2016-11-15"
558;1443;4;2;7;"2016-11-15";"2016-11-16";"2016-11-17"
559;959;4;1;2;"2016-11-16";"2016-11-17";"2016-11-17"
560;1405;4;2;6;"2016-11-18";"2016-11-19";"2016-11-21"
561;90;4;2;6;"2016-11-19";"2016-11-22";"2016-11-22"
562;942;4;2;7;"2016-11-19";"2016-11-20";"2016-11-22"
563;365;4;2;6;"2016-11-20";"2016-11-22";"2016-11-21"
564;1058;4;2;7;"2016-11-20";"2016-11-23";"2016-11-22"
565;894;4;2;7;"2016-11-21";"2016-11-22";"2016-11-22"
566;298;4;1;3;"2016-11-22";"2016-11-25";"2016-11-23"
567;1430;4;1;2;"2016-11-22";"2016-11-23";"2016-11-23"
568;1275;4;1;3;"2016-11-23";"2016-11-25";"2016-11-24"
569;707;4;2;6;"2016-11-23";"2016-11-24";"2016-11-25"
570;989;4;2;6;"2016-11-23";"2016-11-24";"2016-11-25"
571;5;4;1;2;"2016-11-24";"2016-11-25";"2016-11-27"
572;178;4;2;6;"2016-11-24";"2016-11-26";"2016-11-26"
573;423;4;2;6;"2016-11-24";"2016-11-26";"2016-11-27"
574;833;4;2;7;"2016-11-26";"2016-11-27";"2016-11-29"
575;33;4;1;3;"2016-11-27";"2016-11-28";"2016-11-30"
576;1272;4;1;3;"2016-11-27";"2016-11-30";"2016-11-28"
577;445;4;2;6;"2016-11-27";"2016-11-30";"2016-11-29"
578;819;4;2;7;"2016-11-27";"2016-11-28";"2016-11-29"
579;160;4;3;8;"2016-11-27";"2016-11-30";"2016-11-29"
580;581;4;1;3;"2016-11-30";"2016-12-02";"2016-12-02"
581;688;4;1;3;"2016-12-03";"2016-12-05";"2016-12-06"
582;32;3;1;2;"2016-12-04";"2016-12-04";""
583;792;4;2;7;"2016-12-04";"2016-12-05";"2016-12-07"
584;1209;4;2;7;"2016-12-04";"2016-12-05";"2016-12-05"
585;1219;4;2;7;"2016-12-04";"2016-12-05";"2016-12-05"
586;1306;4;2;6;"2016-12-04";"2016-12-06";"2016-12-05"
587;487;4;1;2;"2016-12-06";"2016-12-08";"2016-12-08"
588;102;4;2;7;"2016-12-06";"2016-12-07";"2016-12-07"
589;719;4;2;7;"2016-12-06";"2016-12-07";"2016-12-07"
590;990;4;2;7;"2016-12-06";"2016-12-09";"2016-12-07"
591;1211;4;2;7;"2016-12-06";"2016-12-09";"2016-12-09"
592;1232;4;2;7;"2016-12-06";"2016-12-08";"2016-12-08"
593;50;4;3;8;"2016-12-07";"2016-12-10";"2016-12-08"
594;1318;4;3;8;"2016-12-07";"2016-12-08";"2016-12-08"
595;538;4;1;2;"2016-12-08";"2016-12-09";"2016-12-11"
596;952;4;1;3;"2016-12-08";"2016-12-09";"2016-12-09"
597;1121;4;2;6;"2016-12-08";"2016-12-09";"2016-12-10"
598;40;3;1;3;"2016-12-09";"2016-12-09";""
599;1;4;2;6;"2016-12-09";"2016-12-10";"2016-12-12"
600;624;4;2;7;"2016-12-09";"2016-12-12";"2016-12-11"
601;683;4;2;6;"2016-12-09";"2016-12-10";"2016-12-10"
602;823;4;2;6;"2016-12-09";"2016-12-10";"2016-12-11"
603;1032;4;2;7;"2016-12-09";"2016-12-10";"2016-12-10"
604;96;4;2;7;"2016-12-10";"2016-12-13";"2016-12-12"
605;1208;4;2;6;"2016-12-10";"2016-12-11";"2016-12-12"
606;18;4;2;7;"2016-12-11";"2016-12-12";"2016-12-13"
607;309;4;2;6;"2016-12-11";"2016-12-14";"2016-12-13"
608;1103;4;1;3;"2016-12-12";"2016-12-15";"2016-12-14"
609;896;4;2;7;"2016-12-12";"2016-12-13";"2016-12-14"
610;711;4;2;6;"2016-12-13";"2016-12-15";"2016-12-14"
611;1073;4;2;7;"2016-12-15";"2016-12-17";"2016-12-18"
612;634;4;2;7;"2016-12-16";"2016-12-17";"2016-12-17"
613;1159;4;2;7;"2016-12-17";"2016-12-19";"2016-12-19"
614;654;4;1;2;"2016-12-18";"2016-12-21";"2016-12-21"
615;560;4;3;9;"2016-12-19";"2016-12-22";"2016-12-21"
616;1444;4;2;6;"2016-12-20";"2016-12-23";"2016-12-23"
617;118;4;2;7;"2016-12-21";"2016-12-23";"2016-12-23"
618;131;4;2;6;"2016-12-21";"2016-12-22";"2016-12-22"
619;454;4;2;7;"2016-12-22";"2016-12-25";"2016-12-25"
620;466;4;2;6;"2016-12-22";"2016-12-24";"2016-12-24"
621;1157;4;2;6;"2016-12-23";"2016-12-25";"2016-12-24"
622;1398;4;2;7;"2016-12-23";"2016-12-26";"2016-12-25"
623;678;4;2;6;"2016-12-24";"2016-12-26";"2016-12-27"
624;814;4;2;6;"2016-12-24";"2016-12-25";"2016-12-27"
625;1163;4;1;2;"2016-12-25";"2016-12-28";"2016-12-26"
626;130;4;2;7;"2016-12-25";"2016-12-28";"2016-12-27"
627;1119;4;2;6;"2016-12-25";"2016-12-26";"2016-12-28"
628;561;4;1;3;"2016-12-26";"2016-12-29";"2016-12-27"
629;973;4;1;2;"2016-12-26";"2016-12-27";"2016-12-29"
630;1404;4;2;6;"2016-12-26";"2016-12-27";"2016-12-28"
631;855;4;1;3;"2016-12-27";"2016-12-29";"2016-12-29"
632;163;4;2;7;"2016-12-27";"2016-12-29";"2016-12-29"
633;1040;4;3;8;"2016-12-28";"2016-12-31";"2016-12-30"
634;27;4;2;6;"2016-12-29";"2017-01-01";"2016-12-30"
635;520;4;2;6;"2016-12-30";"2017-01-02";"2016-12-31"
636;532;4;1;2;"2017-01-03";"2017-01-04";"2017-01-05"
637;512;4;2;6;"2017-01-03";"2017-01-05";"2017-01-05"
638;1302;4;2;7;"2017-01-04";"2017-01-05";"2017-01-06"
639;550;4;2;6;"2017-01-06";"2017-01-07";"2017-01-07"
640;1093;4;2;6;"2017-01-06";"2017-01-08";"2017-01-07"
641;673;4;1;3;"2017-01-07";"2017-01-10";"2017-01-08"
642;847;4;2;7;"2017-01-07";"2017-01-09";"2017-01-10"
643;901;4;1;3;"2017-01-08";"2017-01-09";"2017-01-11"
644;439;4;2;6;"2017-01-08";"2017-01-11";"2017-01-10"
645;1199;4;2;6;"2017-01-08";"2017-01-11";"2017-01-10"
646;975;4;1;2;"2017-01-09";"2017-01-12";"2017-01-11"
647;283;4;2;7;"2017-01-09";"2017-01-10";"2017-01-11"
648;684;4;2;6;"2017-01-09";"2017-01-11";"2017-01-11"
649;1153;4;1;3;"2017-01-10";"2017-01-11";"2017-01-13"
650;729;4;1;2;"2017-01-11";"2017-01-14";"2017-01-12"
651;190;4;2;7;"2017-01-11";"2017-01-13";"2017-01-13"
652;985;4;3;9;"2017-01-12";"2017-01-15";"2017-01-13"
653;1249;4;1;2;"2017-01-14";"2017-01-17";"2017-01-15"
654;1129;4;2;7;"2017-01-14";"2017-01-15";"2017-01-17"
655;347;4;1;3;"2017-01-16";"2017-01-17";"2017-01-18"
656;949;4;2;7;"2017-01-16";"2017-01-17";"2017-01-18"
657;349;4;1;2;"2017-01-17";"2017-01-19";"2017-01-20"
658;1051;4;2;7;"2017-01-17";"2017-01-18";"2017-01-18"
659;1391;4;2;7;"2017-01-17";"2017-01-19";"2017-01-18"
660;383;4;2;7;"2017-01-18";"2017-01-19";"2017-01-19"
661;626;4;2;6;"2017-01-18";"2017-01-19";"2017-01-20"
662;1125;4;1;3;"2017-01-19";"2017-01-20";"2017-01-20"
663;344;4;1;3;"2017-01-20";"2017-01-22";"2017-01-23"
664;681;4;2;7;"2017-01-20";"2017-01-23";"2017-01-22"
665;29;4;2;6;"2017-01-21";"2017-01-22";"2017-01-23"
666;770;4;2;7;"2017-01-21";"2017-01-22";"2017-01-24"
667;858;4;2;7;"2017-01-22";"2017-01-24";"2017-01-25"
668;297;4;3;8;"2017-01-22";"2017-01-23";"2017-01-24"
669;745;4;2;7;"2017-01-23";"2017-01-24";"2017-01-26"
670;361;4;2;6;"2017-01-24";"2017-01-25";"2017-01-25"
671;922;4;2;7;"2017-01-25";"2017-01-28";"2017-01-26"
672;908;4;2;6;"2017-01-26";"2017-01-29";"2017-01-29"
673;64;4;3;9;"2017-01-26";"2017-01-28";"2017-01-27"
674;733;4;2;6;"2017-01-27";"2017-01-28";"2017-01-29"
675;291;4;2;7;"2017-01-28";"2017-01-31";"2017-01-30"
676;790;4;2;7;"2017-01-28";"2017-01-30";"2017-01-31"
677;809;4;2;7;"2017-01-28";"2017-01-31";"2017-01-30"
678;250;4;3;9;"2017-01-28";"2017-01-29";"2017-01-31"
679;81;4;1;3;"2017-01-29";"2017-01-30";"2017-01-30"
680;245;4;1;3;"2017-01-29";"2017-02-01";"2017-01-30"
681;499;4;2;7;"2017-01-29";"2017-02-01";"2017-01-31"
682;614;4;2;6;"2017-01-29";"2017-01-30";"2017-01-30"
683;741;4;2;6;"2017-01-29";"2017-01-31";"2017-02-01"
684;762;4;2;6;"2017-01-31";"2017-02-01";"2017-02-02"
685;976;4;2;7;"2017-01-31";"2017-02-03";"2017-02-02"
686;380;4;2;7;"2017-02-01";"2017-02-03";"2017-02-04"
687;530;4;1;3;"2017-02-02";"2017-02-05";"2017-02-04"
688;343;4;2;7;"2017-02-02";"2017-02-03";"2017-02-05"
689;884;4;2;7;"2017-02-02";"2017-02-03";"2017-02-05"
690;1097;4;1;2;"2017-02-03";"2017-02-04";"2017-02-06"
691;1081;4;2;7;"2017-02-04";"2017-02-06";"2017-02-06"
692;2;3;1;3;"2017-02-05";"2017-02-05";""
693;1233;4;1;3;"2017-02-05";"2017-02-07";"2017-02-06"
694;58;4;2;7;"2017-02-05";"2017-02-06";"2017-02-08"
695;606;4;2;7;"2017-02-05";"2017-02-08";"2017-02-07"
696;1242;4;2;7;"2017-02-05";"2017-02-08";"2017-02-08"
697;562;4;1;2;"2017-02-06";"2017-02-08";"2017-02-09"
698;543;4;3;8;"2017-02-06";"2017-02-08";"2017-02-09"
699;958;4;3;9;"2017-02-06";"2017-02-08";"2017-02-09"
700;4;4;2;6;"2017-02-07";"2017-02-10";"2017-02-08"
701;850;4;3;9;"2017-02-07";"2017-02-08";"2017-02-09"
702;1352;4;1;3;"2017-02-08";"2017-02-09";"2017-02-11"
703;417;4;2;7;"2017-02-08";"2017-02-09";"2017-02-09"
704;1137;4;2;6;"2017-02-08";"2017-02-09";"2017-02-11"
705;1196;4;2;7;"2017-02-08";"2017-02-11";"2017-02-11"
706;1271;4;1;2;"2017-02-09";"2017-02-12";"2017-02-10"
707;79;4;2;7;"2017-02-09";"2017-02-11";"2017-02-11"
708;660;4;1;2;"2017-02-10";"2017-02-12";"2017-02-11"
709;1162;4;2;6;"2017-02-11";"2017-02-13";"2017-02-12"
710;295;4;2;6;"2017-02-13";"2017-02-15";"2017-02-16"
711;1246;4;2;6;"2017-02-13";"2017-02-16";"2017-02-14"
712;173;4;3;9;"2017-02-13";"2017-02-14";"2017-02-16"
713;207;4;3;8;"2017-02-13";"2017-02-14";"2017-02-15"
714;805;4;2;7;"2017-02-14";"2017-02-17";"2017-02-15"
715;12;3;2;6;"2017-02-15";"2017-02-15";""
716;672;4;2;6;"2017-02-15";"2017-02-17";"2017-02-18"
717;1312;4;2;6;"2017-02-15";"2017-02-18";"2017-02-17"
718;38;4;2;7;"2017-02-16";"2017-02-17";"2017-02-17"
719;200;4;2;6;"2017-02-16";"2017-02-19";"2017-02-18"
720;382;4;2;6;"2017-02-16";"2017-02-19";"2017-02-19"
721;625;4;2;7;"2017-02-16";"2017-02-19";"2017-02-17"
722;1399;4;2;7;"2017-02-18";"2017-02-20";"2017-02-21"
723;845;4;2;6;"2017-02-19";"2017-02-21";"2017-02-22"
724;864;4;2;6;"2017-02-19";"2017-02-22";"2017-02-21"
725;870;4;2;7;"2017-02-19";"2017-02-22";"2017-02-22"
726;969;4;2;6;"2017-02-19";"2017-02-22";"2017-02-20"
727;962;4;3;9;"2017-02-19";"2017-02-22";"2017-02-21"
728;1138;4;1;3;"2017-02-20";"2017-02-21";"2017-02-23"
729;897;4;2;7;"2017-02-20";"2017-02-22";"2017-02-21"
730;500;4;2;6;"2017-02-21";"2017-02-24";"2017-02-22"
731;910;4;3;9;"2017-02-25";"2017-02-27";"2017-02-27"
732;147;4;2;7;"2017-02-26";"2017-02-27";"2017-03-01"
733;832;4;2;7;"2017-02-26";"2017-03-01";"2017-02-27"
734;939;4;3;9;"2017-02-26";"2017-02-28";"2017-03-01"
735;20;3;3;9;"2017-02-27";"2017-02-27";""
736;184;4;2;7;"2017-02-27";"2017-02-28";"2017-02-28"
737;694;4;2;6;"2017-02-27";"2017-03-01";"2017-02-28"
738;124;4;1;2;"2017-02-28";"2017-03-01";"2017-03-03"
739;49;4;2;6;"2017-02-28";"2017-03-01";"2017-03-02"
740;1113;4;2;6;"2017-02-28";"2017-03-01";"2017-03-02"
741;119;4;3;8;"2017-02-28";"2017-03-01";"2017-03-01"
742;433;4;3;9;"2017-02-28";"2017-03-01";"2017-03-01"
743;137;4;2;6;"2017-03-01";"2017-03-04";"2017-03-04"
744;166;4;2;7;"2017-03-01";"2017-03-02";"2017-03-02"
745;698;4;2;7;"2017-03-01";"2017-03-03";"2017-03-03"
746;391;4;1;3;"2017-03-02";"2017-03-04";"2017-03-05"
747;87;4;1;3;"2017-03-03";"2017-03-04";"2017-03-05"
748;1072;4;3;8;"2017-03-03";"2017-03-05";"2017-03-04"
749;255;4;2;7;"2017-03-04";"2017-03-07";"2017-03-05"
750;232;4;3;8;"2017-03-04";"2017-03-07";"2017-03-05"
751;731;4;1;3;"2017-03-05";"2017-03-08";"2017-03-07"
752;335;4;2;6;"2017-03-05";"2017-03-06";"2017-03-07"
753;1201;4;2;7;"2017-03-05";"2017-03-08";"2017-03-08"
754;646;4;1;2;"2017-03-06";"2017-03-07";"2017-03-08"
755;531;4;2;6;"2017-03-06";"2017-03-07";"2017-03-07"
756;1143;4;2;6;"2017-03-06";"2017-03-07";"2017-03-09"
757;1336;4;2;7;"2017-03-06";"2017-03-08";"2017-03-09"
758;953;4;3;9;"2017-03-06";"2017-03-08";"2017-03-07"
759;284;4;2;7;"2017-03-07";"2017-03-09";"2017-03-08"
760;1104;4;2;6;"2017-03-07";"2017-03-10";"2017-03-10"
761;1291;4;2;7;"2017-03-07";"2017-03-08";"2017-03-10"
762;572;4;2;6;"2017-03-08";"2017-03-09";"2017-03-09"
763;842;4;3;9;"2017-03-08";"2017-03-10";"2017-03-09"
764;701;4;1;2;"2017-03-09";"2017-03-10";"2017-03-12"
765;1152;4;1;2;"2017-03-09";"2017-03-11";"2017-03-12"
766;141;4;2;6;"2017-03-09";"2017-03-11";"2017-03-12"
767;564;4;2;7;"2017-03-09";"2017-03-10";"2017-03-11"
768;841;4;2;7;"2017-03-09";"2017-03-12";"2017-03-10"
769;946;4;2;6;"2017-03-09";"2017-03-11";"2017-03-11"
770;135;4;3;9;"2017-03-09";"2017-03-11";"2017-03-11"
771;671;4;1;3;"2017-03-11";"2017-03-14";"2017-03-12"
772;448;4;2;7;"2017-03-11";"2017-03-12";"2017-03-13"
773;1385;4;2;6;"2017-03-11";"2017-03-12";"2017-03-12"
774;690;4;2;6;"2017-03-12";"2017-03-14";"2017-03-14"
775;968;4;2;6;"2017-03-12";"2017-03-13";"2017-03-13"
776;490;4;2;6;"2017-03-13";"2017-03-15";"2017-03-16"
777;496;4;2;6;"2017-03-13";"2017-03-16";"2017-03-16"
778;56;3;3;9;"2017-03-15";"2017-03-15";""
779;367;4;2;6;"2017-03-15";"2017-03-16";"2017-03-18"
780;592;4;2;6;"2017-03-15";"2017-03-17";"2017-03-17"
781;1018;4;2;6;"2017-03-15";"2017-03-16";"2017-03-17"
782;1298;4;2;7;"2017-03-15";"2017-03-16";"2017-03-18"
783;1343;4;1;2;"2017-03-16";"2017-03-19";"2017-03-17"
784;430;4;2;7;"2017-03-16";"2017-03-19";"2017-03-19"
785;794;4;1;2;"2017-03-18";"2017-03-19";"2017-03-20"
786;249;4;2;6;"2017-03-18";"2017-03-20";"2017-03-19"
787;700;4;3;9;"2017-03-18";"2017-03-20";"2017-03-19"
788;1363;4;3;9;"2017-03-18";"2017-03-20";"2017-03-20"
789;772;4;2;6;"2017-03-19";"2017-03-20";"2017-03-20"
790;1015;4;2;7;"2017-03-19";"2017-03-21";"2017-03-22"
791;432;4;2;6;"2017-03-20";"2017-03-22";"2017-03-23"
792;479;4;2;6;"2017-03-22";"2017-03-23";"2017-03-24"
793;653;4;2;6;"2017-03-23";"2017-03-24";"2017-03-24"
794;863;4;2;7;"2017-03-23";"2017-03-25";"2017-03-24"
795;992;4;2;7;"2017-03-23";"2017-03-25";"2017-03-26"
796;154;4;3;9;"2017-03-23";"2017-03-26";"2017-03-25"
797;374;4;2;7;"2017-03-24";"2017-03-26";"2017-03-26"
798;619;4;1;3;"2017-03-26";"2017-03-28";"2017-03-29"
799;607;4;1;3;"2017-03-27";"2017-03-28";"2017-03-29"
800;1057;4;2;6;"2017-03-27";"2017-03-29";"2017-03-28"
801;78;4;1;2;"2017-03-28";"2017-03-29";"2017-03-30"
802;340;4;2;6;"2017-03-28";"2017-03-29";"2017-03-30"
803;1105;4;3;8;"2017-03-28";"2017-03-31";"2017-03-30"
804;95;4;2;6;"2017-03-29";"2017-03-31";"2017-03-30"
805;420;4;2;6;"2017-03-29";"2017-03-30";"2017-04-01"
806;234;4;2;7;"2017-03-30";"2017-03-31";"2017-03-31"
807;1148;4;2;6;"2017-03-30";"2017-04-01";"2017-04-02"
808;315;4;2;6;"2017-03-31";"2017-04-02";"2017-04-02"
809;1222;4;2;7;"2017-03-31";"2017-04-03";"2017-04-03"
810;153;3;3;8;"2017-04-01";"2017-04-01";""
811;524;4;2;7;"2017-04-01";"2017-04-04";"2017-04-04"
812;1164;4;2;7;"2017-04-01";"2017-04-02";"2017-04-03"
813;1203;4;3;9;"2017-04-01";"2017-04-03";"2017-04-02"
814;629;4;2;7;"2017-04-02";"2017-04-05";"2017-04-03"
815;1251;4;1;3;"2017-04-03";"2017-04-05";"2017-04-04"
816;811;4;2;6;"2017-04-03";"2017-04-05";"2017-04-05"
817;301;4;2;7;"2017-04-04";"2017-04-05";"2017-04-07"
818;1319;4;2;6;"2017-04-04";"2017-04-07";"2017-04-07"
819;221;4;3;9;"2017-04-04";"2017-04-07";"2017-04-05"
820;725;4;2;7;"2017-04-05";"2017-04-08";"2017-04-07"
821;1181;4;2;7;"2017-04-05";"2017-04-07";"2017-04-08"
822;294;4;2;7;"2017-04-06";"2017-04-08";"2017-04-09"
823;415;4;3;8;"2017-04-06";"2017-04-07";"2017-04-08"
824;993;4;1;2;"2017-04-07";"2017-04-09";"2017-04-10"
825;10;4;2;7;"2017-04-07";"2017-04-08";"2017-04-09"
826;45;4;2;6;"2017-04-07";"2017-04-10";"2017-04-10"
827;666;4;2;7;"2017-04-07";"2017-04-10";"2017-04-10"
828;246;4;2;6;"2017-04-09";"2017-04-10";"2017-04-12"
829;674;4;2;7;"2017-04-09";"2017-04-10";"2017-04-10"
830;431;4;2;6;"2017-04-11";"2017-04-14";"2017-04-12"
831;1000;4;2;7;"2017-04-11";"2017-04-12";"2017-04-12"
832;1215;4;2;7;"2017-04-11";"2017-04-12";"2017-04-12"
833;406;4;2;7;"2017-04-12";"2017-04-14";"2017-04-15"
834;890;4;2;6;"2017-04-12";"2017-04-13";"2017-04-15"
835;940;4;1;2;"2017-04-13";"2017-04-15";"2017-04-14"
836;455;4;2;6;"2017-04-13";"2017-04-16";"2017-04-14"
837;948;4;2;7;"2017-04-13";"2017-04-16";"2017-04-14"
838;1395;4;2;7;"2017-04-14";"2017-04-17";"2017-04-15"
839;1332;4;1;3;"2017-04-15";"2017-04-18";"2017-04-16"
840;372;4;2;6;"2017-04-15";"2017-04-16";"2017-04-16"
841;428;4;2;7;"2017-04-15";"2017-04-18";"2017-04-17"
842;1133;4;2;6;"2017-04-15";"2017-04-18";"2017-04-16"
843;1059;4;2;7;"2017-04-16";"2017-04-17";"2017-04-19"
844;1436;4;2;6;"2017-04-16";"2017-04-17";"2017-04-18"
845;662;4;2;7;"2017-04-17";"2017-04-18";"2017-04-18"
846;715;4;2;6;"2017-04-17";"2017-04-19";"2017-04-19"
847;329;4;2;7;"2017-04-18";"2017-04-19";"2017-04-19"
848;597;4;2;7;"2017-04-18";"2017-04-20";"2017-04-20"
849;776;4;1;2;"2017-04-19";"2017-04-20";"2017-04-21"
850;1346;4;1;3;"2017-04-19";"2017-04-22";"2017-04-22"
851;1139;4;2;6;"2017-04-20";"2017-04-21";"2017-04-22"
852;13;4;3;9;"2017-04-21";"2017-04-23";"2017-04-22"
853;883;4;3;8;"2017-04-21";"2017-04-24";"2017-04-24"
854;177;4;2;6;"2017-04-22";"2017-04-25";"2017-04-23"
855;775;4;2;6;"2017-04-22";"2017-04-23";"2017-04-25"
856;477;4;2;6;"2017-04-23";"2017-04-25";"2017-04-26"
857;1402;4;2;7;"2017-04-24";"2017-04-25";"2017-04-26"
858;162;4;2;6;"2017-04-25";"2017-04-27";"2017-04-28"
859;644;4;2;6;"2017-04-25";"2017-04-26";"2017-04-26"
860;473;4;2;7;"2017-04-27";"2017-04-29";"2017-04-28"
861;1177;4;2;7;"2017-04-27";"2017-04-29";"2017-04-30"
862;1230;4;3;8;"2017-04-27";"2017-04-30";"2017-04-29"
863;446;4;2;7;"2017-04-28";"2017-04-30";"2017-05-01"
864;902;4;2;6;"2017-04-28";"2017-04-30";"2017-04-29"
865;974;4;2;6;"2017-04-29";"2017-05-02";"2017-05-01"
866;1410;4;2;6;"2017-04-29";"2017-04-30";"2017-05-01"
867;97;4;1;3;"2017-05-01";"2017-05-03";"2017-05-02"
868;868;4;1;3;"2017-05-01";"2017-05-04";"2017-05-02"
869;844;4;2;7;"2017-05-01";"2017-05-04";"2017-05-02"
870;1416;4;2;6;"2017-05-01";"2017-05-04";"2017-05-02"
871;358;4;2;7;"2017-05-02";"2017-05-04";"2017-05-03"
872;394;4;1;3;"2017-05-03";"2017-05-06";"2017-05-06"
873;829;4;2;7;"2017-05-03";"2017-05-05";"2017-05-05"
874;661;4;2;7;"2017-05-04";"2017-05-05";"2017-05-06"
875;386;4;1;3;"2017-05-05";"2017-05-06";"2017-05-08"
876;1046;4;2;7;"2017-05-05";"2017-05-08";"2017-05-06"
877;784;4;2;6;"2017-05-06";"2017-05-07";"2017-05-08"
878;224;4;1;3;"2017-05-07";"2017-05-10";"2017-05-09"
879;214;4;2;7;"2017-05-08";"2017-05-09";"2017-05-09"
880;1206;4;2;6;"2017-05-08";"2017-05-11";"2017-05-10"
881;1024;4;3;9;"2017-05-08";"2017-05-11";"2017-05-11"
882;196;4;2;6;"2017-05-09";"2017-05-12";"2017-05-10"
883;507;4;2;6;"2017-05-11";"2017-05-13";"2017-05-14"
884;871;4;2;7;"2017-05-11";"2017-05-13";"2017-05-12"
885;66;3;3;8;"2017-05-13";"2017-05-13";""
886;1396;4;1;2;"2017-05-13";"2017-05-14";"2017-05-15"
887;1195;4;2;6;"2017-05-13";"2017-05-15";"2017-05-15"
888;1038;4;2;7;"2017-05-14";"2017-05-16";"2017-05-16"
889;830;4;3;8;"2017-05-14";"2017-05-17";"2017-05-15"
890;171;4;2;6;"2017-05-15";"2017-05-18";"2017-05-18"
891;384;4;2;6;"2017-05-15";"2017-05-18";"2017-05-16"
892;651;4;2;7;"2017-05-15";"2017-05-18";"2017-05-17"
893;1293;4;2;7;"2017-05-16";"2017-05-19";"2017-05-19"
894;1320;4;2;6;"2017-05-16";"2017-05-19";"2017-05-19"
895;857;4;2;6;"2017-05-18";"2017-05-21";"2017-05-19"
896;376;4;3;9;"2017-05-19";"2017-05-22";"2017-05-21"
897;47;4;1;2;"2017-05-20";"2017-05-21";"2017-05-21"
898;352;4;2;6;"2017-05-20";"2017-05-21";"2017-05-22"
899;605;4;2;7;"2017-05-20";"2017-05-21";"2017-05-21"
900;971;4;2;6;"2017-05-20";"2017-05-21";"2017-05-22"
901;345;4;2;7;"2017-05-21";"2017-05-22";"2017-05-24"
902;1278;4;2;6;"2017-05-21";"2017-05-24";"2017-05-22"
903;179;4;2;7;"2017-05-22";"2017-05-23";"2017-05-24"
904;1020;4;1;2;"2017-05-23";"2017-05-26";"2017-05-24"
905;609;4;2;6;"2017-05-23";"2017-05-26";"2017-05-24"
906;877;4;2;7;"2017-05-23";"2017-05-26";"2017-05-26"
907;120;4;1;2;"2017-05-24";"2017-05-26";"2017-05-27"
908;402;4;2;7;"2017-05-25";"2017-05-28";"2017-05-27"
909;188;4;1;2;"2017-05-26";"2017-05-27";"2017-05-28"
910;342;4;2;7;"2017-05-26";"2017-05-28";"2017-05-28"
911;887;4;2;6;"2017-05-26";"2017-05-29";"2017-05-29"
912;519;4;1;2;"2017-05-27";"2017-05-29";"2017-05-29"
913;699;4;2;6;"2017-05-27";"2017-05-29";"2017-05-29"
914;1068;4;1;2;"2017-05-28";"2017-05-31";"2017-05-31"
915;215;4;2;6;"2017-05-28";"2017-05-30";"2017-05-30"
916;718;4;2;6;"2017-05-28";"2017-05-29";"2017-05-29"
917;881;4;1;2;"2017-05-29";"2017-05-31";"2017-06-01"
918;242;4;1;3;"2017-05-30";"2017-05-31";"2017-05-31"
919;781;4;2;7;"2017-05-30";"2017-05-31";"2017-05-31"
920;966;4;2;7;"2017-05-30";"2017-06-01";"2017-06-02"
921;628;4;2;6;"2017-05-31";"2017-06-02";"2017-06-02"
922;656;4;2;6;"2017-05-31";"2017-06-01";"2017-06-03"
923;769;4;2;7;"2017-05-31";"2017-06-03";"2017-06-02"
924;68;3;3;8;"2017-06-02";"2017-06-02";""
925;1316;4;2;7;"2017-06-02";"2017-06-05";"2017-06-03"
926;233;4;1;2;"2017-06-03";"2017-06-05";"2017-06-06"
927;1438;4;1;2;"2017-06-03";"2017-06-05";"2017-06-06"
928;957;4;1;3;"2017-06-05";"2017-06-06";"2017-06-06"
929;472;4;2;6;"2017-06-05";"2017-06-06";"2017-06-08"
930;1224;4;3;9;"2017-06-05";"2017-06-06";"2017-06-06"
931;631;4;2;6;"2017-06-07";"2017-06-08";"2017-06-08"
932;804;4;2;6;"2017-06-07";"2017-06-08";"2017-06-09"
933;909;4;2;6;"2017-06-07";"2017-06-10";"2017-06-08"
934;93;4;2;7;"2017-06-09";"2017-06-10";"2017-06-12"
935;43;3;3;8;"2017-06-10";"2017-06-10";""
936;265;4;2;6;"2017-06-10";"2017-06-13";"2017-06-12"
937;73;4;2;7;"2017-06-11";"2017-06-14";"2017-06-13"
938;129;4;2;6;"2017-06-11";"2017-06-12";"2017-06-12"
939;1407;4;2;6;"2017-06-11";"2017-06-12";"2017-06-14"
940;585;4;1;2;"2017-06-12";"2017-06-14";"2017-06-13"
941;736;4;1;2;"2017-06-12";"2017-06-14";"2017-06-14"
942;537;4;2;6;"2017-06-13";"2017-06-16";"2017-06-15"
943;1025;4;2;6;"2017-06-13";"2017-06-15";"2017-06-15"
944;138;4;1;3;"2017-06-14";"2017-06-15";"2017-06-17"
945;167;4;2;7;"2017-06-14";"2017-06-15";"2017-06-16"
946;525;4;2;6;"2017-06-14";"2017-06-16";"2017-06-15"
947;278;4;1;3;"2017-06-15";"2017-06-18";"2017-06-17"
948;618;4;2;6;"2017-06-15";"2017-06-17";"2017-06-17"
949;867;4;1;3;"2017-06-16";"2017-06-18";"2017-06-17"
950;142;4;2;6;"2017-06-16";"2017-06-19";"2017-06-18"
951;339;4;2;7;"2017-06-16";"2017-06-19";"2017-06-19"
952;355;4;2;7;"2017-06-16";"2017-06-18";"2017-06-18"
953;658;4;2;7;"2017-06-16";"2017-06-18";"2017-06-17"
954;611;4;2;6;"2017-06-17";"2017-06-20";"2017-06-20"
955;880;4;2;6;"2017-06-17";"2017-06-19";"2017-06-18"
956;1184;4;2;6;"2017-06-17";"2017-06-19";"2017-06-20"
957;722;4;3;9;"2017-06-17";"2017-06-20";"2017-06-20"
958;1276;4;1;2;"2017-06-18";"2017-06-20";"2017-06-19"
959;650;4;2;7;"2017-06-18";"2017-06-21";"2017-06-21"
960;1390;4;2;7;"2017-06-18";"2017-06-19";"2017-06-19"
961;82;4;1;2;"2017-06-19";"2017-06-21";"2017-06-22"
962;570;4;2;7;"2017-06-19";"2017-06-22";"2017-06-20"
963;1432;4;2;6;"2017-06-19";"2017-06-21";"2017-06-21"
964;404;4;2;7;"2017-06-20";"2017-06-22";"2017-06-22"
965;457;4;2;6;"2017-06-20";"2017-06-22";"2017-06-23"
966;389;4;3;8;"2017-06-20";"2017-06-22";"2017-06-22"
967;1323;4;2;6;"2017-06-21";"2017-06-24";"2017-06-24"
968;1403;4;2;6;"2017-06-21";"2017-06-23";"2017-06-23"
969;248;4;3;9;"2017-06-21";"2017-06-24";"2017-06-22"
970;836;4;2;7;"2017-06-22";"2017-06-25";"2017-06-23"
971;1426;4;3;8;"2017-06-22";"2017-06-23";"2017-06-24"
972;270;4;2;7;"2017-06-23";"2017-06-24";"2017-06-25"
973;238;4;2;6;"2017-06-24";"2017-06-27";"2017-06-27"
974;511;4;3;8;"2017-06-24";"2017-06-27";"2017-06-27"
975;1092;4;2;6;"2017-06-25";"2017-06-27";"2017-06-28"
976;1266;4;3;9;"2017-06-25";"2017-06-28";"2017-06-27"
977;400;4;2;7;"2017-06-26";"2017-06-28";"2017-06-27"
978;1123;4;2;6;"2017-06-26";"2017-06-28";"2017-06-27"
979;1190;4;2;6;"2017-06-26";"2017-06-29";"2017-06-27"
980;328;4;3;9;"2017-06-26";"2017-06-28";"2017-06-27"
981;687;4;3;8;"2017-06-26";"2017-06-29";"2017-06-28"
982;1423;4;3;9;"2017-06-26";"2017-06-29";"2017-06-28"
983;1158;4;2;6;"2017-06-27";"2017-06-28";"2017-06-29"
984;1287;4;2;7;"2017-06-27";"2017-06-28";"2017-06-29"
985;461;4;2;6;"2017-06-30";"2017-07-02";"2017-07-01"
986;556;4;2;7;"2017-06-30";"2017-07-03";"2017-07-01"
987;172;4;1;2;"2017-07-02";"2017-07-04";"2017-07-04"
988;436;4;2;6;"2017-07-02";"2017-07-04";"2017-07-05"
989;1145;4;2;6;"2017-07-02";"2017-07-04";"2017-07-03"
990;706;4;2;7;"2017-07-04";"2017-07-07";"2017-07-07"
991;751;4;1;2;"2017-07-06";"2017-07-07";"2017-07-09"
992;723;4;2;7;"2017-07-07";"2017-07-10";"2017-07-09"
993;1415;4;1;3;"2017-07-09";"2017-07-11";"2017-07-11"
994;419;4;2;7;"2017-07-09";"2017-07-11";"2017-07-11"
995;621;4;1;2;"2017-07-11";"2017-07-13";"2017-07-14"
996;915;4;1;2;"2017-07-11";"2017-07-12";"2017-07-12"
997;485;4;2;7;"2017-07-11";"2017-07-13";"2017-07-14"
998;219;4;2;7;"2017-07-12";"2017-07-13";"2017-07-14"
999;590;4;2;6;"2017-07-12";"2017-07-13";"2017-07-14"
1000;645;4;2;7;"2017-07-12";"2017-07-14";"2017-07-15"
1001;354;4;2;6;"2017-07-13";"2017-07-16";"2017-07-15"
1002;1418;4;1;3;"2017-07-14";"2017-07-16";"2017-07-16"
1003;503;4;2;7;"2017-07-14";"2017-07-16";"2017-07-16"
1004;1389;4;2;6;"2017-07-14";"2017-07-17";"2017-07-16"
1005;266;4;2;7;"2017-07-15";"2017-07-17";"2017-07-16"
1006;1070;4;2;7;"2017-07-15";"2017-07-18";"2017-07-17"
1007;1115;4;2;6;"2017-07-16";"2017-07-17";"2017-07-17"
1008;1345;4;2;6;"2017-07-16";"2017-07-18";"2017-07-18"
1009;1064;4;3;8;"2017-07-16";"2017-07-19";"2017-07-19"
1010;8;3;2;7;"2017-07-18";"2017-07-18";""
1011;495;4;1;3;"2017-07-18";"2017-07-21";"2017-07-21"
1012;620;4;2;7;"2017-07-18";"2017-07-20";"2017-07-20"
1013;174;4;2;6;"2017-07-19";"2017-07-22";"2017-07-21"
1014;748;4;2;6;"2017-07-19";"2017-07-21";"2017-07-21"
1015;799;4;2;7;"2017-07-19";"2017-07-22";"2017-07-21"
1016;1417;4;3;9;"2017-07-19";"2017-07-20";"2017-07-21"
1017;168;4;2;6;"2017-07-20";"2017-07-21";"2017-07-23"
1018;290;4;2;6;"2017-07-22";"2017-07-23";"2017-07-23"
1019;408;4;2;7;"2017-07-22";"2017-07-23";"2017-07-24"
1020;16;3;2;6;"2017-07-23";"2017-07-23";""
1021;125;4;2;6;"2017-07-23";"2017-07-24";"2017-07-26"
1022;353;4;2;7;"2017-07-23";"2017-07-26";"2017-07-24"
1023;356;4;2;6;"2017-07-23";"2017-07-26";"2017-07-25"
1024;837;4;2;7;"2017-07-23";"2017-07-25";"2017-07-26"
1025;1304;4;2;6;"2017-07-23";"2017-07-26";"2017-07-26"
1026;1370;4;1;2;"2017-07-26";"2017-07-28";"2017-07-29"
1027;588;4;2;6;"2017-07-26";"2017-07-28";"2017-07-28"
1028;1273;4;2;7;"2017-07-27";"2017-07-28";"2017-07-30"
1029;407;4;1;3;"2017-07-29";"2017-07-30";"2017-08-01"
1030;161;4;2;6;"2017-07-29";"2017-07-30";"2017-07-31"
1031;1308;4;1;2;"2017-07-30";"2017-08-01";"2017-08-02"
1032;429;4;2;6;"2017-07-30";"2017-08-02";"2017-08-01"
1033;582;4;2;7;"2017-07-30";"2017-07-31";"2017-08-02"
1034;895;4;2;7;"2017-07-30";"2017-07-31";"2017-07-31"
1035;1283;4;2;6;"2017-07-30";"2017-08-02";"2017-08-02"
1036;1442;4;2;6;"2017-07-30";"2017-08-01";"2017-07-31"
1037;1229;4;2;6;"2017-07-31";"2017-08-02";"2017-08-03"
1038;1281;4;2;7;"2017-07-31";"2017-08-01";"2017-08-03"
1039;1077;4;2;7;"2017-08-02";"2017-08-04";"2017-08-03"
1040;1225;4;1;2;"2017-08-04";"2017-08-07";"2017-08-05"
1041;70;4;2;7;"2017-08-04";"2017-08-06";"2017-08-05"
1042;539;4;2;7;"2017-08-06";"2017-08-07";"2017-08-07"
1043;1235;4;2;6;"2017-08-06";"2017-08-09";"2017-08-08"
1044;1270;4;2;7;"2017-08-07";"2017-08-10";"2017-08-08"
1045;185;4;3;9;"2017-08-07";"2017-08-09";"2017-08-10"
1046;1134;4;3;8;"2017-08-07";"2017-08-09";"2017-08-08"
1047;116;3;3;8;"2017-08-08";"2017-08-08";""
1048;777;4;2;7;"2017-08-08";"2017-08-10";"2017-08-09"
1049;194;4;1;2;"2017-08-09";"2017-08-11";"2017-08-10"
1050;239;4;1;3;"2017-08-09";"2017-08-12";"2017-08-12"
1051;209;4;2;7;"2017-08-10";"2017-08-11";"2017-08-11"
1052;460;4;2;6;"2017-08-10";"2017-08-12";"2017-08-13"
1053;1439;4;2;6;"2017-08-10";"2017-08-11";"2017-08-12"
1054;189;4;2;7;"2017-08-11";"2017-08-12";"2017-08-12"
1055;140;4;2;6;"2017-08-12";"2017-08-15";"2017-08-15"
1056;325;4;2;7;"2017-08-12";"2017-08-15";"2017-08-13"
1057;456;4;2;7;"2017-08-12";"2017-08-15";"2017-08-13"
1058;782;4;2;6;"2017-08-13";"2017-08-16";"2017-08-14"
1059;6;4;2;7;"2017-08-14";"2017-08-17";"2017-08-17"
1060;182;4;2;6;"2017-08-15";"2017-08-18";"2017-08-17"
1061;655;4;2;7;"2017-08-15";"2017-08-18";"2017-08-18"
1062;1210;4;2;6;"2017-08-15";"2017-08-17";"2017-08-18"
1063;198;4;3;8;"2017-08-16";"2017-08-19";"2017-08-19"
1064;898;4;3;9;"2017-08-16";"2017-08-18";"2017-08-19"
1065;25;4;2;7;"2017-08-17";"2017-08-19";"2017-08-19"
1066;106;4;2;7;"2017-08-17";"2017-08-20";"2017-08-19"
1067;225;4;2;7;"2017-08-17";"2017-08-19";"2017-08-19"
1068;453;4;2;7;"2017-08-17";"2017-08-20";"2017-08-19"
1069;493;4;2;6;"2017-08-17";"2017-08-19";"2017-08-18"
1070;596;4;2;7;"2017-08-17";"2017-08-20";"2017-08-18"
1071;602;4;3;8;"2017-08-17";"2017-08-20";"2017-08-18"
1072;47;3;1;3;"2017-08-18";"2017-08-18";""
1073;911;4;2;7;"2017-08-18";"2017-08-19";"2017-08-21"
1074;11;3;2;6;"2017-08-19";"2017-08-19";""
1075;1003;4;1;3;"2017-08-19";"2017-08-21";"2017-08-22"
1076;42;4;2;6;"2017-08-19";"2017-08-22";"2017-08-22"
1077;412;4;2;6;"2017-08-19";"2017-08-20";"2017-08-21"
1078;793;4;2;6;"2017-08-19";"2017-08-21";"2017-08-20"
1079;812;4;2;7;"2017-08-19";"2017-08-20";"2017-08-20"
1080;1086;4;2;7;"2017-08-19";"2017-08-20";"2017-08-20"
1081;1106;4;2;6;"2017-08-19";"2017-08-22";"2017-08-22"
1082;1327;4;2;6;"2017-08-20";"2017-08-22";"2017-08-21"
1083;1372;4;2;6;"2017-08-20";"2017-08-23";"2017-08-23"
1084;2;4;1;2;"2017-08-21";"2017-08-24";"2017-08-23"
1085;305;4;1;3;"2017-08-21";"2017-08-23";"2017-08-23"
1086;220;4;2;7;"2017-08-21";"2017-08-23";"2017-08-24"
1087;675;4;3;8;"2017-08-22";"2017-08-23";"2017-08-25"
1088;1160;4;3;8;"2017-08-22";"2017-08-23";"2017-08-23"
1089;46;3;1;2;"2017-08-23";"2017-08-23";""
1090;1427;4;1;2;"2017-08-24";"2017-08-26";"2017-08-26"
1091;1260;4;2;7;"2017-08-24";"2017-08-25";"2017-08-25"
1092;40;4;1;2;"2017-08-25";"2017-08-28";"2017-08-27"
1093;326;4;1;3;"2017-08-25";"2017-08-28";"2017-08-26"
1094;828;4;2;6;"2017-08-25";"2017-08-27";"2017-08-28"
1095;1382;4;3;9;"2017-08-26";"2017-08-28";"2017-08-27"
1096;589;4;1;2;"2017-08-27";"2017-08-29";"2017-08-29"
1097;1311;4;2;6;"2017-08-27";"2017-08-30";"2017-08-28"
1098;752;4;1;2;"2017-08-28";"2017-08-30";"2017-08-30"
1099;1128;4;2;6;"2017-08-28";"2017-08-29";"2017-08-30"
1100;1392;4;2;7;"2017-08-28";"2017-08-29";"2017-08-29"
1101;379;4;2;7;"2017-08-29";"2017-08-30";"2017-08-30"
1102;1317;4;2;6;"2017-08-29";"2017-08-31";"2017-08-31"
1103;1394;4;2;7;"2017-08-31";"2017-09-02";"2017-09-02"
1104;268;4;2;6;"2017-09-01";"2017-09-04";"2017-09-03"
1105;747;4;3;8;"2017-09-01";"2017-09-04";"2017-09-03"
1106;1009;4;2;6;"2017-09-02";"2017-09-04";"2017-09-04"
1107;1424;4;2;7;"2017-09-02";"2017-09-05";"2017-09-05"
1108;735;4;1;3;"2017-09-03";"2017-09-05";"2017-09-04"
1109;23;4;2;6;"2017-09-03";"2017-09-04";"2017-09-04"
1110;912;4;2;6;"2017-09-04";"2017-09-07";"2017-09-07"
1111;930;4;2;6;"2017-09-04";"2017-09-06";"2017-09-05"
1112;798;4;2;7;"2017-09-05";"2017-09-08";"2017-09-07"
1113;388;4;2;7;"2017-09-06";"2017-09-08";"2017-09-07"
1114;1036;4;2;6;"2017-09-06";"2017-09-08";"2017-09-08"
1115;1100;4;2;6;"2017-09-07";"2017-09-09";"2017-09-09"
1116;52;4;2;7;"2017-09-08";"2017-09-10";"2017-09-10"
1117;334;4;2;6;"2017-09-08";"2017-09-10";"2017-09-10"
1118;1023;4;2;6;"2017-09-08";"2017-09-11";"2017-09-11"
1119;749;4;1;2;"2017-09-10";"2017-09-12";"2017-09-13"
1120;1269;4;2;7;"2017-09-10";"2017-09-12";"2017-09-13"
1121;143;4;2;7;"2017-09-11";"2017-09-13";"2017-09-12"
1122;1132;4;2;6;"2017-09-12";"2017-09-14";"2017-09-14"
1123;598;4;2;7;"2017-09-13";"2017-09-14";"2017-09-14"
1124;275;4;3;9;"2017-09-13";"2017-09-14";"2017-09-16"
1125;945;4;2;7;"2017-09-14";"2017-09-15";"2017-09-15"
1126;1213;4;3;8;"2017-09-14";"2017-09-16";"2017-09-15"
1127;494;4;2;7;"2017-09-15";"2017-09-16";"2017-09-16"
1128;936;4;2;6;"2017-09-15";"2017-09-17";"2017-09-16"
1129;663;4;2;6;"2017-09-17";"2017-09-18";"2017-09-20"
1130;69;4;1;3;"2017-09-18";"2017-09-20";"2017-09-20"
1131;1178;4;1;3;"2017-09-18";"2017-09-20";"2017-09-19"
1132;351;4;2;6;"2017-09-19";"2017-09-20";"2017-09-20"
1133;517;4;2;7;"2017-09-19";"2017-09-21";"2017-09-21"
1134;978;4;2;6;"2017-09-19";"2017-09-22";"2017-09-20"
1135;1347;4;2;6;"2017-09-19";"2017-09-21";"2017-09-20"
1136;1050;4;2;6;"2017-09-20";"2017-09-21";"2017-09-21"
1137;810;4;3;8;"2017-09-20";"2017-09-23";"2017-09-23"
1138;254;4;1;2;"2017-09-21";"2017-09-23";"2017-09-22"
1139;1006;4;1;2;"2017-09-21";"2017-09-22";"2017-09-23"
1140;1063;4;3;8;"2017-09-21";"2017-09-22";"2017-09-22"
1141;1076;4;1;2;"2017-09-22";"2017-09-23";"2017-09-24"
1142;554;4;1;3;"2017-09-23";"2017-09-26";"2017-09-26"
1143;1087;4;1;2;"2017-09-24";"2017-09-26";"2017-09-27"
1144;1414;4;2;7;"2017-09-24";"2017-09-27";"2017-09-27"
1145;617;4;2;6;"2017-09-25";"2017-09-27";"2017-09-26"
1146;757;4;2;7;"2017-09-25";"2017-09-26";"2017-09-28"
1147;1344;4;2;6;"2017-09-25";"2017-09-26";"2017-09-27"
1148;1379;4;2;7;"2017-09-25";"2017-09-26";"2017-09-27"
1149;787;4;2;7;"2017-09-27";"2017-09-30";"2017-09-30"
1150;1183;4;2;7;"2017-09-28";"2017-10-01";"2017-09-30"
1151;708;4;1;3;"2017-09-29";"2017-09-30";"2017-09-30"
1152;1244;4;2;6;"2017-09-29";"2017-10-02";"2017-10-01"
1153;720;4;2;7;"2017-09-30";"2017-10-03";"2017-10-03"
1154;789;4;2;7;"2017-09-30";"2017-10-03";"2017-10-03"
1155;865;4;2;7;"2017-09-30";"2017-10-01";"2017-10-01"
1156;869;4;2;7;"2017-09-30";"2017-10-03";"2017-10-03"
1157;24;4;1;3;"2017-10-01";"2017-10-03";"2017-10-04"
1158;889;4;1;2;"2017-10-01";"2017-10-03";"2017-10-02"
1159;1221;4;1;3;"2017-10-01";"2017-10-02";"2017-10-03"
1160;1262;4;1;2;"2017-10-01";"2017-10-02";"2017-10-04"
1161;41;4;2;7;"2017-10-01";"2017-10-04";"2017-10-02"
1162;888;4;2;6;"2017-10-01";"2017-10-03";"2017-10-03"
1163;934;4;2;6;"2017-10-01";"2017-10-02";"2017-10-02"
1164;1067;4;2;6;"2017-10-01";"2017-10-02";"2017-10-03"
1165;652;4;2;7;"2017-10-02";"2017-10-03";"2017-10-05"
1166;286;4;2;7;"2017-10-03";"2017-10-04";"2017-10-04"
1167;900;4;1;2;"2017-10-04";"2017-10-07";"2017-10-06"
1168;1031;4;2;6;"2017-10-04";"2017-10-05";"2017-10-06"
1169;1421;4;2;7;"2017-10-04";"2017-10-06";"2017-10-07"
1170;534;4;2;6;"2017-10-05";"2017-10-07";"2017-10-06"
1171;826;4;2;6;"2017-10-05";"2017-10-06";"2017-10-08"
1172;1339;4;2;7;"2017-10-07";"2017-10-10";"2017-10-09"
1173;548;4;2;7;"2017-10-08";"2017-10-10";"2017-10-09"
1174;1109;4;2;6;"2017-10-08";"2017-10-10";"2017-10-11"
1175;292;4;2;6;"2017-10-09";"2017-10-11";"2017-10-12"
1176;1111;4;3;9;"2017-10-10";"2017-10-13";"2017-10-11"
1177;21;3;3;9;"2017-10-12";"2017-10-12";""
1178;771;4;2;6;"2017-10-12";"2017-10-15";"2017-10-13"
1179;1150;4;3;9;"2017-10-12";"2017-10-15";"2017-10-15"
1180;1065;4;1;3;"2017-10-13";"2017-10-16";"2017-10-16"
1181;1022;4;2;7;"2017-10-13";"2017-10-16";"2017-10-15"
1182;1422;4;2;7;"2017-10-13";"2017-10-14";"2017-10-16"
1183;216;4;2;6;"2017-10-14";"2017-10-17";"2017-10-17"
1184;369;4;2;6;"2017-10-14";"2017-10-15";"2017-10-16"
1185;960;4;2;6;"2017-10-14";"2017-10-16";"2017-10-17"
1186;1120;4;2;6;"2017-10-14";"2017-10-16";"2017-10-15"
1187;486;4;2;6;"2017-10-15";"2017-10-18";"2017-10-16"
1188;647;4;2;7;"2017-10-15";"2017-10-18";"2017-10-17"
1189;1090;4;2;6;"2017-10-15";"2017-10-17";"2017-10-18"
1190;34;4;2;6;"2017-10-16";"2017-10-19";"2017-10-17"
1191;186;4;2;6;"2017-10-17";"2017-10-18";"2017-10-18"
1192;1114;4;2;6;"2017-10-17";"2017-10-19";"2017-10-18"
1193;1412;4;2;7;"2017-10-17";"2017-10-19";"2017-10-19"
1194;192;4;1;2;"2017-10-19";"2017-10-22";"2017-10-22"
1195;229;4;2;7;"2017-10-19";"2017-10-21";"2017-10-21"
1196;508;4;2;6;"2017-10-19";"2017-10-21";"2017-10-20"
1197;269;4;2;6;"2017-10-21";"2017-10-23";"2017-10-23"
1198;1289;4;2;7;"2017-10-22";"2017-10-24";"2017-10-24"
1199;318;4;1;2;"2017-10-23";"2017-10-24";"2017-10-26"
1200;48;4;2;6;"2017-10-23";"2017-10-25";"2017-10-26"
1201;201;4;2;6;"2017-10-23";"2017-10-24";"2017-10-24"
1202;593;4;2;6;"2017-10-24";"2017-10-25";"2017-10-25"
1203;1191;4;2;7;"2017-10-25";"2017-10-27";"2017-10-26"
1204;1277;4;2;6;"2017-10-25";"2017-10-28";"2017-10-28"
1205;1091;4;1;2;"2017-10-26";"2017-10-28";"2017-10-28"
1206;222;4;2;6;"2017-10-26";"2017-10-29";"2017-10-29"
1207;1002;4;2;6;"2017-10-26";"2017-10-28";"2017-10-27"
1208;1226;4;2;7;"2017-10-26";"2017-10-28";"2017-10-27"
1209;1342;4;2;7;"2017-10-26";"2017-10-27";"2017-10-29"
1210;730;4;3;8;"2017-10-26";"2017-10-27";"2017-10-29"
1211;19;4;2;7;"2017-10-27";"2017-10-28";"2017-10-29"
1212;213;4;2;6;"2017-10-27";"2017-10-30";"2017-10-29"
1213;669;4;3;9;"2017-10-27";"2017-10-29";"2017-10-29"
1214;783;4;2;6;"2017-10-28";"2017-10-29";"2017-10-29"
1215;807;4;2;7;"2017-10-28";"2017-10-31";"2017-10-30"
1216;886;4;2;7;"2017-10-28";"2017-10-30";"2017-10-29"
1217;1155;4;2;7;"2017-10-28";"2017-10-31";"2017-10-30"
1218;1017;4;1;2;"2017-10-30";"2017-11-01";"2017-10-31"
1219;840;4;2;7;"2017-10-30";"2017-11-02";"2017-11-02"
1220;803;4;2;6;"2017-10-31";"2017-11-03";"2017-11-03"
1221;1290;4;2;7;"2017-10-31";"2017-11-02";"2017-11-01"
1222;482;4;3;9;"2017-11-01";"2017-11-04";"2017-11-03"
1223;1207;4;2;6;"2017-11-02";"2017-11-03";"2017-11-03"
1224;544;4;2;6;"2017-11-03";"2017-11-04";"2017-11-04"
1225;768;4;1;2;"2017-11-04";"2017-11-05";"2017-11-07"
1226;226;4;2;7;"2017-11-04";"2017-11-07";"2017-11-06"
1227;702;4;2;6;"2017-11-04";"2017-11-07";"2017-11-06"
1228;1041;4;2;6;"2017-11-04";"2017-11-06";"2017-11-06"
1229;89;4;1;3;"2017-11-05";"2017-11-08";"2017-11-06"
1230;1107;4;2;6;"2017-11-05";"2017-11-06";"2017-11-07"
1231;1180;4;2;6;"2017-11-05";"2017-11-07";"2017-11-06"
1232;665;4;1;3;"2017-11-06";"2017-11-07";"2017-11-09"
1233;462;4;2;6;"2017-11-06";"2017-11-07";"2017-11-08"
1234;19;3;2;6;"2017-11-07";"2017-11-07";""
1235;210;4;2;6;"2017-11-07";"2017-11-08";"2017-11-09"
1236;243;4;2;7;"2017-11-08";"2017-11-11";"2017-11-09"
1237;571;4;1;2;"2017-11-09";"2017-11-12";"2017-11-11"
1238;998;4;2;6;"2017-11-09";"2017-11-10";"2017-11-11"
1239;1197;4;2;7;"2017-11-09";"2017-11-10";"2017-11-11"
1240;903;4;2;7;"2017-11-10";"2017-11-11";"2017-11-11"
1241;1170;4;2;7;"2017-11-10";"2017-11-12";"2017-11-11"
1242;303;4;2;6;"2017-11-11";"2017-11-12";"2017-11-12"
1243;346;4;2;6;"2017-11-11";"2017-11-13";"2017-11-14"
1244;333;4;2;6;"2017-11-12";"2017-11-14";"2017-11-13"
1245;1166;4;2;7;"2017-11-13";"2017-11-16";"2017-11-14"
1246;1329;4;2;7;"2017-11-13";"2017-11-16";"2017-11-16"
1247;426;4;1;2;"2017-11-16";"2017-11-18";"2017-11-17"
1248;1367;4;1;3;"2017-11-16";"2017-11-17";"2017-11-18"
1249;545;4;2;6;"2017-11-17";"2017-11-18";"2017-11-20"
1250;1188;4;2;6;"2017-11-17";"2017-11-19";"2017-11-18"
1251;289;4;3;9;"2017-11-17";"2017-11-19";"2017-11-19"
1252;110;4;1;3;"2017-11-18";"2017-11-20";"2017-11-21"
1253;44;4;2;6;"2017-11-18";"2017-11-21";"2017-11-21"
1254;1098;4;2;7;"2017-11-18";"2017-11-19";"2017-11-19"
1255;375;4;2;6;"2017-11-19";"2017-11-20";"2017-11-21"
1256;458;4;2;6;"2017-11-19";"2017-11-20";"2017-11-22"
1257;1136;4;2;7;"2017-11-19";"2017-11-22";"2017-11-20"
1258;1099;4;2;7;"2017-11-20";"2017-11-21";"2017-11-22"
1259;4;3;2;7;"2017-11-21";"2017-11-21";""
1260;1117;4;2;6;"2017-11-22";"2017-11-23";"2017-11-24"
1261;435;4;2;7;"2017-11-23";"2017-11-25";"2017-11-24"
1262;509;4;2;6;"2017-11-23";"2017-11-26";"2017-11-26"
1263;1408;4;2;6;"2017-11-23";"2017-11-26";"2017-11-26"
1264;113;4;2;6;"2017-11-24";"2017-11-27";"2017-11-25"
1265;950;4;2;7;"2017-11-24";"2017-11-27";"2017-11-27"
1266;387;4;2;6;"2017-11-25";"2017-11-28";"2017-11-27"
1267;467;4;2;6;"2017-11-25";"2017-11-26";"2017-11-26"
1268;774;4;1;3;"2017-11-26";"2017-11-28";"2017-11-29"
1269;1236;4;2;6;"2017-11-26";"2017-11-29";"2017-11-29"
1270;1388;4;2;6;"2017-11-26";"2017-11-29";"2017-11-29"
1271;734;4;2;6;"2017-11-27";"2017-11-30";"2017-11-30"
1272;935;4;2;6;"2017-11-27";"2017-11-29";"2017-11-30"
1273;1268;4;2;6;"2017-11-27";"2017-11-29";"2017-11-29"
1274;1364;4;2;7;"2017-11-28";"2017-11-29";"2017-12-01"
1275;165;4;1;2;"2017-11-29";"2017-12-01";"2017-11-30"
1276;893;4;2;6;"2017-11-30";"2017-12-03";"2017-12-02"
1277;227;4;2;6;"2017-12-01";"2017-12-04";"2017-12-02"
1278;980;4;2;7;"2017-12-01";"2017-12-02";"2017-12-04"
1279;1014;4;2;6;"2017-12-01";"2017-12-04";"2017-12-03"
1280;123;4;3;9;"2017-12-01";"2017-12-03";"2017-12-03"
1281;1060;4;2;6;"2017-12-02";"2017-12-05";"2017-12-05"
1282;320;4;2;6;"2017-12-03";"2017-12-05";"2017-12-05"
1283;85;4;2;7;"2017-12-04";"2017-12-07";"2017-12-07"
1284;128;4;2;7;"2017-12-04";"2017-12-06";"2017-12-07"
1285;262;4;2;7;"2017-12-04";"2017-12-07";"2017-12-07"
1286;1033;4;2;7;"2017-12-04";"2017-12-07";"2017-12-06"
1287;279;4;1;3;"2017-12-07";"2017-12-10";"2017-12-09"
1288;778;4;3;9;"2017-12-07";"2017-12-10";"2017-12-09"
1289;1292;4;1;3;"2017-12-08";"2017-12-11";"2017-12-10"
1290;967;4;2;6;"2017-12-08";"2017-12-10";"2017-12-10"
1291;1284;4;2;6;"2017-12-09";"2017-12-11";"2017-12-12"
1292;285;4;2;6;"2017-12-10";"2017-12-13";"2017-12-11"
1293;1401;4;2;7;"2017-12-10";"2017-12-12";"2017-12-11"
1294;947;4;1;2;"2017-12-11";"2017-12-13";"2017-12-14"
1295;37;4;2;7;"2017-12-11";"2017-12-12";"2017-12-14"
1296;231;4;1;3;"2017-12-14";"2017-12-17";"2017-12-15"
1297;108;4;2;6;"2017-12-14";"2017-12-17";"2017-12-16"
1298;533;4;3;9;"2017-12-14";"2017-12-17";"2017-12-16"
1299;1216;4;1;2;"2017-12-15";"2017-12-18";"2017-12-16"
1300;824;4;2;6;"2017-12-15";"2017-12-17";"2017-12-17"
1301;1088;4;1;3;"2017-12-16";"2017-12-19";"2017-12-19"
1302;322;4;2;7;"2017-12-16";"2017-12-18";"2017-12-19"
1303;878;4;2;7;"2017-12-16";"2017-12-19";"2017-12-18"
1304;1409;4;2;6;"2017-12-16";"2017-12-17";"2017-12-17"
1305;257;4;2;7;"2017-12-17";"2017-12-19";"2017-12-18"
1306;28;4;2;6;"2017-12-20";"2017-12-21";"2017-12-22"
1307;1384;4;1;2;"2017-12-22";"2017-12-23";"2017-12-25"
1308;713;4;2;7;"2017-12-22";"2017-12-24";"2017-12-24"
1309;821;4;2;6;"2017-12-22";"2017-12-25";"2017-12-24"
1310;444;4;1;3;"2017-12-24";"2017-12-25";"2017-12-26"
1311;1021;4;2;6;"2017-12-24";"2017-12-26";"2017-12-27"
1312;311;4;1;3;"2017-12-25";"2017-12-28";"2017-12-26"
1313;1294;4;1;3;"2017-12-25";"2017-12-27";"2017-12-27"
1314;1027;4;2;7;"2017-12-25";"2017-12-26";"2017-12-28"
1315;931;4;3;9;"2017-12-25";"2017-12-27";"2017-12-28"
1316;846;4;1;3;"2017-12-26";"2017-12-29";"2017-12-27"
1317;418;4;1;3;"2017-12-27";"2017-12-28";"2017-12-29"
1318;75;4;2;6;"2017-12-27";"2017-12-30";"2017-12-29"
1319;604;4;2;6;"2017-12-27";"2017-12-30";"2017-12-30"
1320;244;4;1;3;"2017-12-28";"2017-12-30";"2017-12-29"
1321;217;4;1;3;"2017-12-30";"2017-12-31";"2017-12-31"
1322;39;4;2;7;"2017-12-31";"2018-01-03";"2018-01-02"
1323;273;4;2;6;"2017-12-31";"2018-01-01";"2018-01-01"
1324;862;4;2;6;"2018-01-01";"2018-01-04";"2018-01-03"
1325;68;4;3;8;"2018-01-01";"2018-01-02";"2018-01-03"
1326;567;4;3;9;"2018-01-01";"2018-01-03";"2018-01-02"
1327;1026;4;2;6;"2018-01-02";"2018-01-03";"2018-01-05"
1328;1083;4;2;6;"2018-01-02";"2018-01-03";"2018-01-03"
1329;443;4;1;3;"2018-01-04";"2018-01-05";"2018-01-06"
1330;761;4;2;7;"2018-01-04";"2018-01-05";"2018-01-07"
1331;1122;4;2;6;"2018-01-05";"2018-01-06";"2018-01-08"
1332;256;4;2;7;"2018-01-06";"2018-01-07";"2018-01-09"
1333;203;4;3;8;"2018-01-06";"2018-01-07";"2018-01-07"
1334;425;4;2;6;"2018-01-07";"2018-01-09";"2018-01-10"
1335;955;4;2;7;"2018-01-07";"2018-01-08";"2018-01-08"
1336;904;4;1;2;"2018-01-09";"2018-01-10";"2018-01-12"
1337;970;4;2;7;"2018-01-09";"2018-01-12";"2018-01-12"
1338;905;4;2;6;"2018-01-10";"2018-01-11";"2018-01-13"
1339;580;4;1;3;"2018-01-11";"2018-01-14";"2018-01-13"
1340;1066;4;1;3;"2018-01-12";"2018-01-13";"2018-01-13"
1341;1258;4;2;7;"2018-01-12";"2018-01-13";"2018-01-14"
1342;1393;4;2;7;"2018-01-12";"2018-01-13";"2018-01-15"
1343;594;4;2;6;"2018-01-13";"2018-01-15";"2018-01-14"
1344;916;4;2;6;"2018-01-13";"2018-01-16";"2018-01-15"
1345;1037;4;2;6;"2018-01-14";"2018-01-15";"2018-01-15"
1346;136;4;3;8;"2018-01-14";"2018-01-15";"2018-01-15"
1347;247;4;1;2;"2018-01-15";"2018-01-18";"2018-01-18"
1348;1214;4;1;2;"2018-01-15";"2018-01-17";"2018-01-17"
1349;464;4;2;6;"2018-01-15";"2018-01-17";"2018-01-16"
1350;637;4;2;7;"2018-01-15";"2018-01-18";"2018-01-17"
1351;1016;4;2;7;"2018-01-16";"2018-01-19";"2018-01-19"
1352;1433;4;2;6;"2018-01-16";"2018-01-18";"2018-01-18"
1353;502;4;2;6;"2018-01-17";"2018-01-19";"2018-01-18"
1354;476;4;1;3;"2018-01-19";"2018-01-20";"2018-01-21"
1355;1010;4;2;7;"2018-01-19";"2018-01-21";"2018-01-20"
1356;1161;4;2;6;"2018-01-19";"2018-01-21";"2018-01-22"
1357;440;4;2;6;"2018-01-20";"2018-01-23";"2018-01-21"
1358;253;4;1;2;"2018-01-21";"2018-01-23";"2018-01-24"
1359;1008;4;3;9;"2018-01-21";"2018-01-22";"2018-01-22"
1360;71;4;2;6;"2018-01-22";"2018-01-25";"2018-01-24"
1361;1084;4;2;7;"2018-01-22";"2018-01-24";"2018-01-23"
1362;310;4;2;6;"2018-01-23";"2018-01-24";"2018-01-25"
1363;860;4;2;6;"2018-01-24";"2018-01-25";"2018-01-25"
1364;122;4;2;6;"2018-01-25";"2018-01-28";"2018-01-28"
1365;689;4;2;7;"2018-01-25";"2018-01-28";"2018-01-27"
1366;1441;4;2;6;"2018-01-26";"2018-01-27";"2018-01-28"
1367;1118;4;1;3;"2018-01-27";"2018-01-28";"2018-01-28"
1368;765;4;2;6;"2018-01-27";"2018-01-28";"2018-01-29"
1369;92;4;2;6;"2018-01-28";"2018-01-30";"2018-01-30"
1370;115;4;2;7;"2018-01-28";"2018-01-29";"2018-01-29"
1371;937;4;2;7;"2018-01-29";"2018-01-30";"2018-02-01"
1372;1013;4;2;6;"2018-01-29";"2018-02-01";"2018-01-30"
1373;427;4;3;9;"2018-01-29";"2018-01-31";"2018-01-31"
1374;1330;4;1;3;"2018-01-30";"2018-02-01";"2018-02-01"
1375;312;4;3;8;"2018-01-30";"2018-02-01";"2018-02-01"
1376;1186;4;1;2;"2018-02-01";"2018-02-02";"2018-02-03"
1377;1007;4;2;7;"2018-02-01";"2018-02-03";"2018-02-03"
1378;983;4;1;2;"2018-02-02";"2018-02-05";"2018-02-04"
1379;1256;4;2;6;"2018-02-02";"2018-02-05";"2018-02-05"
1380;818;4;1;3;"2018-02-05";"2018-02-08";"2018-02-08"
1381;680;4;2;7;"2018-02-05";"2018-02-06";"2018-02-08"
1382;1303;4;2;6;"2018-02-06";"2018-02-09";"2018-02-08"
1383;488;4;1;3;"2018-02-07";"2018-02-08";"2018-02-08"
1384;1126;4;2;7;"2018-02-08";"2018-02-10";"2018-02-09"
1385;866;4;3;9;"2018-02-08";"2018-02-11";"2018-02-09"
1386;1254;4;1;2;"2018-02-09";"2018-02-10";"2018-02-11"
1387;11;4;2;7;"2018-02-09";"2018-02-11";"2018-02-11"
1388;323;4;2;7;"2018-02-09";"2018-02-12";"2018-02-12"
1389;491;4;2;7;"2018-02-11";"2018-02-12";"2018-02-14"
1390;63;4;2;7;"2018-02-12";"2018-02-13";"2018-02-13"
1391;914;4;2;7;"2018-02-13";"2018-02-14";"2018-02-14"
1392;1187;4;2;6;"2018-02-13";"2018-02-14";"2018-02-14"
1393;547;4;2;7;"2018-02-14";"2018-02-15";"2018-02-15"
1394;906;4;3;8;"2018-02-14";"2018-02-16";"2018-02-16"
1395;1052;4;1;3;"2018-02-15";"2018-02-18";"2018-02-16"
1396;856;4;2;7;"2018-02-15";"2018-02-18";"2018-02-16"
1397;920;4;2;6;"2018-02-15";"2018-02-17";"2018-02-16"
1398;1383;4;1;3;"2018-02-16";"2018-02-19";"2018-02-19"
1399;146;4;2;6;"2018-02-16";"2018-02-18";"2018-02-18"
1400;987;4;2;6;"2018-02-17";"2018-02-18";"2018-02-18"
1401;15;4;2;7;"2018-02-18";"2018-02-19";"2018-02-20"
1402;1171;4;2;6;"2018-02-19";"2018-02-21";"2018-02-21"
1403;452;4;2;7;"2018-02-21";"2018-02-22";"2018-02-22"
1404;1240;4;1;3;"2018-02-23";"2018-02-26";"2018-02-24"
1405;100;4;2;6;"2018-02-25";"2018-02-28";"2018-02-27"
1406;1053;4;2;7;"2018-02-25";"2018-02-27";"2018-02-27"
1407;18;3;2;6;"2018-02-26";"2018-02-26";""
1408;1172;4;2;6;"2018-02-26";"2018-02-27";"2018-03-01"
1409;21;4;3;8;"2018-02-26";"2018-02-28";"2018-02-28"
1410;1005;4;2;7;"2018-02-27";"2018-02-28";"2018-02-28"
1411;109;4;1;2;"2018-03-01";"2018-03-02";"2018-03-02"
1412;1043;4;2;7;"2018-03-01";"2018-03-02";"2018-03-04"
1413;56;4;3;8;"2018-03-01";"2018-03-03";"2018-03-04"
1414;293;4;2;7;"2018-03-03";"2018-03-05";"2018-03-06"
1415;839;4;2;7;"2018-03-03";"2018-03-04";"2018-03-05"
1416;566;4;3;8;"2018-03-03";"2018-03-04";"2018-03-06"
1417;300;4;1;2;"2018-03-04";"2018-03-06";"2018-03-07"
1418;364;4;2;6;"2018-03-04";"2018-03-05";"2018-03-07"
1419;474;4;2;6;"2018-03-04";"2018-03-07";"2018-03-07"
1420;838;4;2;7;"2018-03-04";"2018-03-05";"2018-03-07"
1421;1176;4;2;7;"2018-03-05";"2018-03-07";"2018-03-07"
1422;599;4;3;8;"2018-03-05";"2018-03-06";"2018-03-08"
1423;1231;4;1;2;"2018-03-06";"2018-03-07";"2018-03-07"
1424;1445;4;1;2;"2018-03-07";"2018-03-10";"2018-03-10"
1425;126;4;2;6;"2018-03-07";"2018-03-09";"2018-03-09"
1426;938;4;2;6;"2018-03-07";"2018-03-08";"2018-03-10"
1427;999;4;2;6;"2018-03-07";"2018-03-08";"2018-03-08"
1428;195;4;2;7;"2018-03-08";"2018-03-10";"2018-03-11"
1429;1116;4;2;6;"2018-03-08";"2018-03-09";"2018-03-09"
1430;1239;4;2;7;"2018-03-10";"2018-03-13";"2018-03-11"
1431;308;4;2;6;"2018-03-11";"2018-03-12";"2018-03-14"
1432;483;4;2;6;"2018-03-11";"2018-03-12";"2018-03-14"
1433;1142;4;2;7;"2018-03-11";"2018-03-13";"2018-03-12"
1434;595;4;2;6;"2018-03-14";"2018-03-16";"2018-03-16"
1435;744;4;2;6;"2018-03-14";"2018-03-15";"2018-03-16"
1436;1044;4;2;6;"2018-03-14";"2018-03-17";"2018-03-16"
1437;518;4;1;2;"2018-03-15";"2018-03-16";"2018-03-16"
1438;263;4;2;6;"2018-03-15";"2018-03-17";"2018-03-16"
1439;463;4;2;7;"2018-03-15";"2018-03-16";"2018-03-17"
1440;859;4;3;8;"2018-03-15";"2018-03-18";"2018-03-16"
1441;982;4;3;8;"2018-03-15";"2018-03-16";"2018-03-18"
1442;478;4;2;7;"2018-03-16";"2018-03-17";"2018-03-17"
1443;972;4;2;7;"2018-03-16";"2018-03-17";"2018-03-17"
1444;1154;4;2;6;"2018-03-16";"2018-03-17";"2018-03-19"
1445;515;4;2;7;"2018-03-17";"2018-03-18";"2018-03-20"
1446;820;4;2;6;"2018-03-17";"2018-03-18";"2018-03-18"
1447;1419;4;1;3;"2018-03-18";"2018-03-20";"2018-03-20"
1448;228;4;2;6;"2018-03-18";"2018-03-19";"2018-03-21"
1449;330;4;2;7;"2018-03-18";"2018-03-19";"2018-03-20"
1450;296;4;2;7;"2018-03-19";"2018-03-20";"2018-03-22"
1451;822;4;2;6;"2018-03-19";"2018-03-22";"2018-03-20"
1452;287;4;1;3;"2018-03-20";"2018-03-23";"2018-03-23"
1453;601;4;1;3;"2018-03-20";"2018-03-23";"2018-03-22"
1454;395;4;2;6;"2018-03-20";"2018-03-21";"2018-03-22"
1455;405;4;2;6;"2018-03-20";"2018-03-22";"2018-03-21"
1456;754;4;2;7;"2018-03-20";"2018-03-21";"2018-03-23"
1457;1411;4;2;6;"2018-03-20";"2018-03-23";"2018-03-23"
1458;1029;4;3;8;"2018-03-20";"2018-03-22";"2018-03-21"
1459;9;4;2;7;"2018-03-21";"2018-03-22";"2018-03-22"
1460;1131;4;2;7;"2018-03-21";"2018-03-23";"2018-03-23"
1461;139;4;2;6;"2018-03-22";"2018-03-25";"2018-03-23"
1462;1101;4;2;6;"2018-03-22";"2018-03-24";"2018-03-24"
1463;692;4;2;7;"2018-03-23";"2018-03-24";"2018-03-24"
1464;1279;4;2;7;"2018-03-24";"2018-03-25";"2018-03-25"
1465;623;4;2;7;"2018-03-25";"2018-03-28";"2018-03-28"
1466;738;4;1;3;"2018-03-26";"2018-03-29";"2018-03-28"
1467;152;4;2;7;"2018-03-26";"2018-03-27";"2018-03-29"
1468;3;4;1;2;"2018-03-27";"2018-03-30";"2018-03-29"
1469;1135;4;3;8;"2018-03-27";"2018-03-28";"2018-03-30"
1470;505;4;2;7;"2018-03-28";"2018-03-31";"2018-03-31"
1471;1310;4;2;7;"2018-03-28";"2018-03-30";"2018-03-29"
1472;114;4;2;6;"2018-03-29";"2018-03-30";"2018-03-31"
1473;302;4;1;2;"2018-03-30";"2018-04-01";"2018-04-02"
1474;816;4;1;3;"2018-03-30";"2018-04-01";"2018-04-02"
1475;112;4;2;6;"2018-03-30";"2018-04-01";"2018-03-31"
1476;35;4;2;7;"2018-03-31";"2018-04-01";"2018-04-01"
1477;180;4;2;6;"2018-03-31";"2018-04-03";"2018-04-01"
1478;392;4;2;6;"2018-03-31";"2018-04-02";"2018-04-02"
1479;23;2;2;7;"2018-04-01";"2018-04-01";""
1480;27;2;2;7;"2018-04-01";"2018-04-01";""
1481;62;1;2;6;"2018-04-01";"2018-04-01";""
1482;94;1;2;7;"2018-04-01";"2018-04-01";""
1483;15;1;2;7;"2018-04-02";"2018-04-02";""
1484;35;2;2;6;"2018-04-02";"2018-04-02";""
1485;51;2;2;7;"2018-04-02";"2018-04-02";""
1486;84;2;2;7;"2018-04-02";"2018-04-02";""
1487;33;1;1;3;"2018-04-03";"2018-04-03";""
1488;181;2;1;3;"2018-04-03";"2018-04-03";""
1489;194;1;1;3;"2018-04-03";"2018-04-03";""
1490;217;2;1;3;"2018-04-03";"2018-04-03";""
1491;82;1;1;3;"2018-04-04";"2018-04-04";""
1492;41;1;2;7;"2018-04-04";"2018-04-04";""
1493;64;2;3;8;"2018-04-04";"2018-04-04";""
1494;69;2;1;3;"2018-04-05";"2018-04-05";""
1495;86;2;2;7;"2018-04-05";"2018-04-05";""
1496;3;1;1;3;"2018-04-06";"2018-04-06";""
1497;31;2;1;2;"2018-04-06";"2018-04-06";""
1498;81;1;1;2;"2018-04-06";"2018-04-06";""
1499;120;2;1;2;"2018-04-06";"2018-04-06";""
1500;151;2;1;3;"2018-04-06";"2018-04-06";""
1501;52;1;2;6;"2018-04-06";"2018-04-06";""
1502;83;2;2;6;"2018-04-06";"2018-04-06";""
1503;208;2;1;3;"2018-04-07";"2018-04-07";""
1504;237;2;1;2;"2018-04-08";"2018-04-08";""
1505;22;1;2;7;"2018-04-08";"2018-04-08";""
1506;75;1;2;7;"2018-04-08";"2018-04-08";""
1507;85;2;2;6;"2018-04-08";"2018-04-08";""
1508;92;2;2;6;"2018-04-08";"2018-04-08";""
1509;2;1;1;3;"2018-04-09";"2018-04-09";""
1510;16;2;2;6;"2018-04-09";"2018-04-09";""
1511;25;1;2;6;"2018-04-09";"2018-04-09";""
1512;68;1;3;9;"2018-04-09";"2018-04-09";""
1513;32;2;1;2;"2018-04-10";"2018-04-10";""
1514;87;2;1;3;"2018-04-10";"2018-04-10";""
1515;61;1;3;9;"2018-04-10";"2018-04-10";""
1516;47;2;1;3;"2018-04-11";"2018-04-11";""
1517;97;1;1;2;"2018-04-11";"2018-04-11";""
1518;175;1;1;2;"2018-04-11";"2018-04-11";""
1519;26;2;2;7;"2018-04-11";"2018-04-11";""
1520;66;2;3;8;"2018-04-11";"2018-04-11";""
1521;53;1;1;3;"2018-04-12";"2018-04-12";""
1522;78;1;1;3;"2018-04-12";"2018-04-12";""
1523;8;1;2;7;"2018-04-12";"2018-04-12";""
1524;37;1;2;6;"2018-04-12";"2018-04-12";""
1525;38;2;2;7;"2018-04-12";"2018-04-12";""
1526;59;2;2;7;"2018-04-12";"2018-04-12";""
1527;13;2;3;9;"2018-04-12";"2018-04-12";""
1528;20;1;3;8;"2018-04-12";"2018-04-12";""
1529;50;1;3;8;"2018-04-12";"2018-04-12";""
1530;110;1;1;2;"2018-04-13";"2018-04-13";""
1531;233;1;1;2;"2018-04-13";"2018-04-13";""
1532;7;2;2;7;"2018-04-13";"2018-04-13";""
1533;28;2;2;6;"2018-04-13";"2018-04-13";""
1534;18;2;2;7;"2018-04-14";"2018-04-14";""
1535;19;2;2;7;"2018-04-14";"2018-04-14";""
1536;34;2;2;7;"2018-04-14";"2018-04-14";""
1537;36;1;2;6;"2018-04-15";"2018-04-15";""
1538;79;2;2;6;"2018-04-15";"2018-04-15";""
1539;116;1;3;9;"2018-04-15";"2018-04-15";""
1540;187;1;1;2;"2018-04-16";"2018-04-16";""
1541;10;2;2;7;"2018-04-16";"2018-04-16";""
1542;58;2;2;6;"2018-04-16";"2018-04-16";""
1543;76;1;2;6;"2018-04-16";"2018-04-16";""
1544;5;1;1;2;"2018-04-17";"2018-04-17";""
1545;67;1;1;3;"2018-04-17";"2018-04-17";""
1546;91;2;1;3;"2018-04-17";"2018-04-17";""
1547;169;1;1;3;"2018-04-17";"2018-04-17";""
1548;170;1;1;2;"2018-04-17";"2018-04-17";""
1549;17;1;2;7;"2018-04-17";"2018-04-17";""
1550;39;1;2;6;"2018-04-17";"2018-04-17";""
1551;70;1;2;7;"2018-04-17";"2018-04-17";""
1552;73;1;2;7;"2018-04-17";"2018-04-17";""
1553;30;2;1;3;"2018-04-18";"2018-04-18";""
1554;172;1;1;3;"2018-04-18";"2018-04-18";""
1555;1;1;2;7;"2018-04-18";"2018-04-18";""
1556;4;2;2;6;"2018-04-18";"2018-04-18";""
1557;121;2;1;3;"2018-04-19";"2018-04-19";""
1558;63;1;2;6;"2018-04-19";"2018-04-19";""
1559;42;2;2;6;"2018-04-20";"2018-04-20";""
1560;57;1;2;7;"2018-04-20";"2018-04-20";""
1561;65;2;2;7;"2018-04-20";"2018-04-20";""
1562;88;1;2;7;"2018-04-20";"2018-04-20";""
1563;77;2;3;9;"2018-04-20";"2018-04-20";""
1564;46;1;1;3;"2018-04-21";"2018-04-21";""
1565;60;2;1;2;"2018-04-21";"2018-04-21";""
1566;72;1;1;3;"2018-04-21";"2018-04-21";""
1567;89;2;1;2;"2018-04-21";"2018-04-21";""
1568;192;2;1;3;"2018-04-21";"2018-04-21";""
1569;29;2;2;7;"2018-04-22";"2018-04-22";""
1570;54;2;2;7;"2018-04-22";"2018-04-22";""
1571;80;1;2;7;"2018-04-22";"2018-04-22";""
1572;14;1;3;9;"2018-04-22";"2018-04-22";""
1573;24;2;1;2;"2018-04-23";"2018-04-23";""
1574;124;1;1;2;"2018-04-23";"2018-04-23";""
1575;224;2;1;3;"2018-04-23";"2018-04-23";""
1576;12;2;2;7;"2018-04-23";"2018-04-23";""
1577;48;1;2;7;"2018-04-23";"2018-04-23";""
1578;93;2;2;7;"2018-04-23";"2018-04-23";""
1579;104;2;1;2;"2018-04-24";"2018-04-24";""
1580;191;2;1;2;"2018-04-24";"2018-04-24";""
1581;188;2;1;2;"2018-04-25";"2018-04-25";""
1582;240;1;1;3;"2018-04-25";"2018-04-25";""
1583;44;1;2;6;"2018-04-25";"2018-04-25";""
1584;109;2;1;3;"2018-04-26";"2018-04-26";""
1585;157;1;1;3;"2018-04-26";"2018-04-26";""
1586;176;1;1;2;"2018-04-26";"2018-04-26";""
1587;231;2;1;2;"2018-04-26";"2018-04-26";""
1588;11;1;2;6;"2018-04-26";"2018-04-26";""
1589;40;2;1;3;"2018-04-27";"2018-04-27";""
1590;138;1;1;3;"2018-04-27";"2018-04-27";""
1591;165;2;1;2;"2018-04-27";"2018-04-27";""
1592;6;2;2;7;"2018-04-27";"2018-04-27";""
1593;9;1;2;6;"2018-04-27";"2018-04-27";""
1594;45;1;2;7;"2018-04-28";"2018-04-28";""
1595;71;2;2;7;"2018-04-28";"2018-04-28";""
1596;21;2;3;8;"2018-04-28";"2018-04-28";""
1597;56;1;3;9;"2018-04-28";"2018-04-28";""
1598;239;2;1;3;"2018-04-29";"2018-04-29";""
1599;49;1;2;7;"2018-04-29";"2018-04-29";""
1600;90;1;2;6;"2018-04-29";"2018-04-29";""
1601;43;1;3;8;"2018-04-29";"2018-04-29";""
1602;55;1;2;6;"2018-04-30";"2018-04-30";""
1603;74;2;2;6;"2018-04-30";"2018-04-30";""
1604;7;3;2;7;"2018-06-17";"2018-06-17";""
1605;123;3;3;8;"2018-07-01";"2018-07-01";""
1606;119;3;3;8;"2018-07-10";"2018-07-10";""
1607;33;3;1;2;"2018-07-11";"2018-07-11";""
1608;53;3;1;2;"2018-07-12";"2018-07-12";""
1609;10;3;2;7;"2018-08-23";"2018-08-23";""
1610;15;3;2;7;"2018-08-25";"2018-08-25";""
1611;6;3;2;7;"2018-09-06";"2018-09-06";""
1612;3;3;1;3;"2018-10-21";"2018-10-21";""
1613;1;3;2;6;"2018-11-18";"2018-11-18";""
1614;135;3;3;8;"2018-11-28";"2018-11-28";""
1615;136;3;3;8;"2018-12-28";"2018-12-28";""
